anio,mes,ipc_ayb,ipc_ayb_vm,ipc_alcohol_tabaco,ipc_alcohol_tabajo_vm,ipc_ropa_calzado,ipc_ropa_calzado_vm,ipc_vivienda,ipc_vivienda_vm,ipc_muebles,ipc_muebles_vm,ipc_salud,ipc_salud_vm,ipc_transporte,ipc_transporte_vm,ipc_comunicaciones,ipc_comunicaciones_vm,ipc_cultura,ipc_cultura_vm,ipc_educacion,ipc_educacion_vm,ipc_holtel_restaurantes,ipc_holtel_restaurantes_vm,ipc_bines_servicios,ipc_bienes_servicios_vm,ipc_ayb_vi,ipc_alcohol_tabajo_vi,ipc_ropa_calzado_vi,ipc_vivienda_vi,ipc_muebles_vi,ipc_salud_vi,ipc_transporte_vi,ipc_comunicaciones_vi,ipc_cultura_vi,ipc_educacion_vi,ipc_holtel_restaurantes_vi,ipc_bienes_servicios_vi
2001,Dic,33.3305652,0.006781484,29.41709567,0.000289996,42.84194514,0.004104239,31.07057793,0.001039069,48.8204363,0.002906023,37.07387745,,26.07245077,,57.71351962,,45.96100759,,31.81301373,,37.71147566,,45.43722611,,,,,,,,,,,,,
2002,Ene,33.44798575,0.003522909,29.4826162,0.002227294,42.95633202,0.002669974,31.24242768,0.005530948,48.92553996,0.002152862,37.11488067,0.001105987,26.5693641,0.019058942,57.71351962,0,46.1278112,0.003629242,31.81301373,0,37.72728641,0.000419256,45.49333306,0.001234824,,,,,,,,,,,,
2002,Feb,33.30408848,-0.004302121,29.47077996,-0.000401465,43.08673948,0.003035815,31.36558287,0.003941921,49.07085018,0.002970028,37.14499214,0.000811305,26.64291193,0.002768144,57.71351962,0,46.14948976,0.000469967,31.85189809,0.001222279,37.73620225,0.000236323,45.53795494,0.000980844,,,,,,,,,,,,
2002,Mar,33.89114494,0.017627159,29.44990506,-0.000708325,43.27451754,0.00435814,31.54666172,0.00577317,49.22675263,0.003177089,37.18248008,0.001009233,27.40703358,0.02868011,57.71351962,0,46.11442599,-0.000759787,31.85189809,0,37.81627613,0.002121938,45.69994409,0.003557234,,,,,,,,,,,,
2002,Abr,33.9764856,0.002518081,29.60873392,0.005393187,43.35589652,0.001880529,31.73380848,0.005932379,49.30358549,0.001560795,37.76199285,0.015585641,27.99813351,0.021567454,57.71351962,0,46.28063256,0.003604221,31.85189809,0,37.87676723,0.001599605,45.84514279,0.003177218,,,,,,,,,,,,
2002,May,33.49760585,-0.014094446,29.7623679,0.005188806,43.42118342,0.001505837,31.89098263,0.004952893,49.35013038,0.000944047,37.98554836,0.00592012,27.83720386,-0.005747871,57.71351962,0,46.28710527,0.000139858,31.85189809,0,37.92968639,0.00139714,45.99292342,0.003223474,,,,,,,,,,,,
2002,Jun,33.58267056,0.002539426,29.7623679,0,43.48695481,0.001514731,32.0496778,0.004976177,49.42954615,0.001609231,38.25218524,0.00701943,27.72746288,-0.003942241,57.71351962,0,46.33119365,0.000952498,31.85189809,0,37.93094425,3.3163E-05,46.25704925,0.005742749,,,,,,,,,,,,
2002,Jul,33.66977616,0.002593766,29.78869642,0.000884624,43.53709137,0.00115291,32.21808761,0.005254649,49.5089528,0.001606461,38.50836098,0.006697022,28.05628117,0.011858939,57.71351962,0,46.25261862,-0.001695942,31.85189809,0,37.94482871,0.000366046,46.36631174,0.002362072,,,,,,,,,,,,
2002,Ago,34.069914,0.011884185,29.88860053,0.003353759,43.58414999,0.001080886,32.45779453,0.007440135,49.60736961,0.001987859,39.17250395,0.017246721,28.23307221,0.0063013,57.71351962,0,46.53678093,0.006143702,31.85189809,0,39.28470622,0.035311202,46.39532567,0.000625755,,,,,,,,,,,,
2002,Sep,34.93041841,0.025257017,29.93937854,0.001698909,43.63941212,0.001267941,32.72190083,0.008136915,49.71066679,0.002082295,39.55319838,0.009718409,28.50913358,0.009777943,57.71351962,0,46.69370547,0.003372054,34.35060991,0.078447815,39.2946028,0.000251919,46.44597153,0.001091616,,,,,,,,,,,,
2002,Oct,35.45319808,0.014966316,29.93937854,0,43.71569228,0.001747965,39.98443489,0.221947194,49.82231903,0.002246042,39.73217509,0.004524962,29.03221882,0.018347988,57.71351962,0,46.7964627,0.002200666,34.35060991,0,39.31770473,0.000587916,46.48588372,0.000859325,,,,,,,,,,,,
2002,Nov,35.70049214,0.006975226,29.93937854,0,43.88400945,0.003850269,41.27151545,0.03218954,50.01988586,0.003965428,40.18955401,0.01151155,28.72832617,-0.010467428,57.71351962,0,46.99729253,0.00429156,34.35060991,0,39.3759382,0.0014811,46.52149962,0.000766166,,,,,,,,,,,,
2002,Dic,36.57719971,0.024557297,30.02160302,0.002746366,44.07201889,0.004284236,41.73817523,0.011307067,50.19182107,0.003437337,41.17702042,0.024570226,29.64945116,0.032063302,57.71351962,0,47.10599323,0.002312914,34.35060991,0,40.54635767,0.029724231,47.28985527,0.016516141,,,,,,,,,,,,
2003,Ene,38.00157804,0.0389417,30.22404294,0.006743142,44.30632882,0.005316524,41.67671488,-0.001472521,50.3661344,0.003472943,42.06787973,0.021634866,30.64686172,0.033640102,69.83460473,0.210021589,47.50674923,0.008507537,35.19310449,0.024526336,43.16315018,0.064538288,47.75657447,0.00986933,0.136139507,0.025147929,0.03142719,0.333978118,0.02944463,0.133450491,0.153466135,0.210021589,0.029893854,0.106248682,0.144083084,0.049748859
2003,Feb,38.43364931,0.011369825,30.50312078,0.009233637,44.47895952,0.003896299,44.01791,0.056175136,50.58933584,0.004431578,42.74517641,0.016100091,34.74254251,0.133641116,69.83460473,0,47.91991908,0.008697077,35.32902462,0.003862124,44.7778845,0.03741002,48.1453152,0.008140046,0.154021956,0.035029301,0.032312031,0.403382497,0.03094476,0.150765526,0.304006957,0.210021589,0.038362923,0.109165442,0.186602833,0.057256859
2003,Mar,38.79137839,0.009307705,31.65432857,0.037740656,44.63344908,0.003473318,44.60720492,0.013387617,50.89490696,0.006040228,43.70599467,0.022477817,35.69637463,0.027454298,69.83460473,0,48.06233618,0.002971981,35.32902462,0,45.18813536,0.009161908,55.65117461,0.155900099,0.144587427,0.074853332,0.031402581,0.41400714,0.03388715,0.175445925,0.302453056,0.210021589,0.042240799,0.109165442,0.194938793,0.217751481
2003,Abr,39.08248612,0.007504444,33.25211281,0.050476011,44.77463948,0.003163332,45.16118309,0.012419029,51.9679571,0.021083645,44.01599485,0.007092853,34.98401149,-0.019956176,69.83460473,0,48.33840896,0.005744057,35.32902462,0,45.3485313,0.003549515,56.13139261,0.008629072,0.15028042,0.123050817,0.032723183,0.423125217,0.054040119,0.165616312,0.249512275,0.210021589,0.044463014,0.109165442,0.197265095,0.224369458
2003,May,39.58393142,0.012830435,33.35480048,0.003088155,45.25255779,0.010673862,45.28545346,0.002751708,52.52492953,0.010717613,45.35990342,0.030532277,35.75559254,0.022055248,69.83460473,0,48.99951913,0.013676705,35.39838592,0.001963295,45.41392403,0.001442003,56.77526273,0.011470767,0.181694345,0.120703856,0.04217698,0.420008094,0.064332133,0.194135806,0.28445345,0.210021589,0.058599773,0.111343061,0.197318733,0.234434746
2003,Jun,41.61813001,0.051389504,34.0271108,0.020156328,46.12858471,0.019358617,45.77965654,0.010913065,54.13717603,0.030694882,46.62791978,0.027954565,39.56504565,0.106541462,69.83460473,0,53.10628897,0.083812452,35.39838592,0,49.00180002,0.079003875,59.21037113,0.042890306,0.239273986,0.143293131,0.060745341,0.428396779,0.095239189,0.218960942,0.426926287,0.210021589,0.146231832,0.111343061,0.29186871,0.280029144
2003,Jul,43.17038748,0.037297627,34.5568513,0.015568189,47.01045679,0.019117692,46.95372207,0.02564601,57.30091878,0.058439375,48.45628884,0.039211894,42.24616974,0.067764969,69.83460473,0,55.61577514,0.04725403,35.39838592,0,49.27490209,0.005573307,60.28809167,0.01820155,0.282170314,0.160065913,0.079779455,0.457371482,0.157384989,0.258331635,0.505765125,0.210021589,0.202435166,0.111343061,0.298593346,0.300256359
2003,Ago,44.97361551,0.041770022,34.69121193,0.003888104,47.44725053,0.009291417,48.18927813,0.026314337,58.1869843,0.015463374,49.07410628,0.012749995,43.70066813,0.034429119,70.69201649,0.012277749,59.79125022,0.075077171,35.39838592,0,51.75999513,0.050433241,61.28142631,0.016476465,0.320039009,0.160683716,0.088635445,0.484675063,0.172950405,0.252769196,0.547853801,0.224877931,0.284817064,0.111343061,0.317560957,0.320853457
2003,Sep,46.35309849,0.030673162,35.1128011,0.012152621,47.87275969,0.008968047,48.95110422,0.015809037,58.87294517,0.011788906,51.21761165,0.043678949,42.52793462,-0.026835597,70.69201649,0,62.8251068,0.050740812,40.36847173,0.140404306,51.90193372,0.002742245,61.78093524,0.008151066,0.327012404,0.172796591,0.097007438,0.495973735,0.18431212,0.294904426,0.491730168,0.224877931,0.345472718,0.175189373,0.320841287,0.330167789
2003,Oct,48.54626952,0.047314443,35.41516139,0.008611113,49.26572166,0.029097173,49.54245052,0.012080346,59.66556842,0.013463285,51.77601663,0.010902597,43.93653814,0.033121842,70.69201649,0,64.55932064,0.027603834,40.36847173,0,52.24217387,0.006555443,62.36660762,0.009479824,0.369305793,0.182895675,0.126957371,0.239043409,0.197567066,0.303125654,0.513371693,0.224877931,0.379576936,0.175189373,0.328718811,0.341624653
2003,Nov,52.19548385,0.07516982,37.72749299,0.065292138,50.50754047,0.025206549,50.07243065,0.010697495,61.4499432,0.029906273,52.73943674,0.018607459,48.50798048,0.104046485,70.69201649,0,66.20869226,0.025548156,40.36847173,0,58.99343517,0.129230099,63.12248428,0.012119894,0.462038217,0.260129463,0.150932677,0.213244295,0.228510264,0.31226728,0.688507022,0.224877931,0.408776734,0.175189373,0.498210274,0.356845433
2003,Dic,55.94250935,0.071788309,39.77256077,0.054206299,52.23190514,0.034140737,50.89427152,0.016413041,63.86588943,0.039315679,53.86717387,0.021383185,49.38050458,0.017987228,70.69201649,0,67.28136016,0.016201315,40.36847173,0,62.21820916,0.054663268,64.54636752,0.022557465,0.529436638,0.324798038,0.18514891,0.219369827,0.272436187,0.308185326,0.665477863,0.224877931,0.428297241,0.175189373,0.534495642,0.36490939
2004,Ene,61.15663674,0.093205104,42.65785799,0.07254492,55.65185292,0.065476221,52.33778243,0.028362935,68.77390193,0.07684873,55.7274858,0.034535168,57.97431613,0.174032478,82.96506851,0.173612985,72.66272401,0.079982983,40.95243784,0.014465896,64.47500567,0.036272283,66.61019641,0.031974362,0.609318347,0.411388214,0.256070056,0.255803932,0.365479061,0.324703935,0.891688508,0.188022311,0.529524229,0.163649483,0.49375116,0.394785894
2004,Feb,72.3886242,0.183659339,46.09196891,0.080503595,59.79938877,0.074526465,54.15248814,0.034672958,78.59553708,0.142810498,59.887942,0.074657167,65.03780967,0.121838324,82.96506851,0,77.4031094,0.065238201,41.3416318,0.00950356,71.26979762,0.10538645,68.4860697,0.028161954,0.883469967,0.511057483,0.344442168,0.230237604,0.553598911,0.401045616,0.871993382,0.188022311,0.615259602,0.170188881,0.591629404,0.422486682
2004,Mar,75.46417107,0.042486605,48.12512961,0.044110954,61.28712919,0.024878857,56.24891719,0.038713439,80.30181966,0.021709662,62.84530844,0.049381667,64.34485159,-0.010654696,84.03683011,0.012918227,81.22520684,0.04937912,41.3416318,0,72.45055763,0.016567467,71.73524355,0.047442843,0.94538514,0.520333294,0.373121066,0.260982778,0.577796767,0.437910495,0.802559847,0.203369453,0.68999706,0.170188881,0.603309299,0.289015803
2004,Abr,75.81391558,0.004634577,49.20128472,0.022361604,62.76577068,0.02412646,57.52965373,0.022769088,82.39740527,0.026096365,64.46631623,0.025793617,63.62216769,-0.011231418,84.03683011,0,83.55681403,0.028705463,41.3416318,0,72.45733862,9.35947E-05,73.97887235,0.03127652,0.939843728,0.479643865,0.401815211,0.273873929,0.585542513,0.464611136,0.818606986,0.203369453,0.728580146,0.170188881,0.597787989,0.317958969
2004,May,76.3320165,0.00683385,49.54493373,0.006984554,64.28217565,0.024159744,58.08158189,0.009593803,84.22083925,0.02212975,65.55783132,0.016931557,66.25460376,0.041376083,84.86731181,0.009882354,84.04236742,0.005811057,41.3416318,0,82.28869903,0.135684813,74.74242182,0.010321183,0.928358649,0.485391398,0.420520271,0.282565978,0.603445069,0.445281546,0.852985759,0.215261576,0.715167188,0.167895957,0.811970685,0.316461047
2004,Jun,77.42009085,0.014254495,49.87799227,0.006722353,66.03912986,0.027331903,58.99241984,0.015682044,85.80216902,0.018775992,66.55923654,0.015275143,69.00671166,0.041538365,86.18223705,0.015493895,84.20034239,0.001879706,41.44532344,0.002508165,82.68656366,0.004834985,75.26282082,0.006962565,0.860249147,0.465830954,0.43163139,0.288616479,0.584902932,0.427454556,0.74413325,0.234090712,0.585506049,0.170825233,0.687418904,0.27110875
2004,Jul,79.51365089,0.02704156,49.99454576,0.002336772,67.66885978,0.024678246,59.72158986,0.012360402,86.87680936,0.012524629,68.08643554,0.02294496,66.88337911,-0.030769943,86.18223705,0,85.48043382,0.015202924,41.44532344,0,83.26031771,0.006938903,76.24321646,0.013026294,0.841856317,0.446733249,0.43944272,0.271924508,0.516150373,0.405110403,0.583182086,0.234090712,0.536981793,0.170825233,0.689710465,0.264648032
2004,Ago,80.2116308,0.008778114,50.62669788,0.012644422,69.17525783,0.022261319,60.3253602,0.01010975,87.6568968,0.008979237,69.28485084,0.017601381,64.92115337,-0.029338017,86.18223705,0,86.70543373,0.014330764,41.44532344,0,88.75921956,0.06604469,77.08101943,0.010988557,0.783526405,0.459352241,0.457940282,0.251841956,0.50646915,0.411841317,0.485587204,0.21912263,0.450135821,0.170825233,0.714822796,0.257820258
2004,Sep,77.1494245,-0.038176587,51.01888912,0.007746728,70.2456077,0.015473016,60.58848533,0.004361766,87.85172667,0.002222642,69.63965769,0.005120988,62.02150416,-0.044664167,86.18223705,0,86.16613444,-0.006219902,52.19677269,0.259412844,89.06278067,0.003420052,77.17349501,0.001199719,0.664385489,0.45299969,0.467339843,0.237734803,0.492225782,0.359681864,0.458370944,0.21912263,0.371523883,0.293008391,0.715981935,0.249147406
2004,Oct,76.60220341,-0.007093003,57.14647278,0.120104216,70.32540256,0.001135941,61.39882987,0.013374563,87.96492489,0.001288515,69.93091497,0.004182348,63.05282929,0.016628509,98.03154933,0.137491352,86.45668118,0.003371937,52.19677269,0,92.15049214,0.034668932,78.17294334,0.012950668,0.577921521,0.613616048,0.427471276,0.23931758,0.474299621,0.350643011,0.435088697,0.386741448,0.339182016,0.293008391,0.763909985,0.253442288
2004,Nov,75.12923442,-0.019228807,57.06941406,-0.001348442,70.56956073,0.003471835,61.41067434,0.00019291,87.165336,-0.00908986,69.41513211,-0.007375606,60.80434243,-0.035660364,98.03154933,0,85.86175593,-0.006881195,52.19677269,0,89.86575729,-0.024793518,77.57038841,-0.007707973,0.439381894,0.512674433,0.397208418,0.226436854,0.41847708,0.316190244,0.253491525,0.386741448,0.296835098,0.293008391,0.523317925,0.228886811
2004,Dic,74.37642493,-0.010020194,56.40661862,-0.011613847,69.85189356,-0.010169642,62.09624059,0.011163633,82.91195067,-0.048796753,68.58315178,-0.011985576,58.33883153,-0.04054827,98.03154933,0,85.62070618,-0.002807417,52.19677269,0,89.83059603,-0.000391264,77.77311783,0.00261349,0.329515351,0.418229491,0.337341484,0.220102749,0.298219619,0.273190087,0.181414245,0.386741448,0.272576921,0.293008391,0.443799126,0.204918585
2005,Ene,74.34636841,-0.000404114,56.40118681,-9.62974E-05,70.07755884,0.003230625,61.8004139,-0.004764003,82.03593389,-0.010565627,69.14880341,0.008247676,60.60100039,0.038776383,98.03110241,-4.55894E-06,86.27705581,0.007665782,52.61784598,0.008067037,89.75217472,-0.000872991,77.97569121,0.002604671,0.215671305,0.322175783,0.259213398,0.180799244,0.192835241,0.240838384,0.045307723,0.181594907,0.187363356,0.284852594,0.392046015,0.170626952
2005,Feb,73.95475199,-0.005267459,56.46241717,0.001085622,70.21328443,0.001936791,62.09102504,0.004702414,81.5561025,-0.005849039,69.39492156,0.003559254,61.04308155,0.007294948,98.03110241,0,85.80679357,-0.005450606,52.96815415,0.006657592,89.58857941,-0.001822745,78.20295207,0.002914509,0.021634999,0.22499469,0.174147192,0.146595977,0.037668365,0.158746139,-0.061421628,0.181594907,0.108570369,0.281230369,0.257034289,0.141881151
2005,Mar,72.83555285,-0.015133566,56.74957536,0.005085829,70.49462375,0.004006924,62.31042672,0.003533549,81.79892012,0.002977308,70.00445224,0.008783506,61.85089334,0.01323347,98.03110241,0,84.88239259,-0.010773051,52.96815415,0,89.44328702,-0.001621774,78.39174099,0.00241409,-0.034832665,0.179208779,0.15023537,0.107762244,0.018643419,0.113916917,-0.038759251,0.166525466,0.045025256,0.281230369,0.234542424,0.092792568
2005,Abr,72.35571358,-0.006587981,57.00457431,0.004493407,70.84631419,0.004988897,62.74788289,0.007020593,81.63237092,-0.002036081,70.0046729,3.15206E-06,63.19968615,0.021807168,98.03110241,0,84.03871163,-0.009939411,52.96815415,0,89.15855843,-0.003183342,78.33802219,-0.000685261,-0.045614344,0.158599306,0.128741246,0.090705033,-0.00928469,0.08591086,-0.006640477,0.166525466,0.005767305,0.281230369,0.230497285,0.058924254
2005,May,71.82591311,-0.007322165,56.96522549,-0.000690275,71.19421946,0.004910704,63.11273656,0.005814597,81.23437681,-0.004875445,70.21491957,0.003003323,62.87552027,-0.005129233,98.03110241,0,83.00261005,-0.012328861,52.96815415,0,89.02181483,-0.001533712,78.49182671,0.001963344,-0.05903294,0.149768931,0.1075266,0.086622205,-0.035459899,0.071037863,-0.05100149,0.155110258,-0.012371824,0.281230369,0.081823092,0.050164348
2005,Jun,71.49108586,-0.00466165,57.34367144,0.006643456,71.4649044,0.003802063,63.34721187,0.003715182,81.02380142,-0.002592196,70.18729373,-0.000393447,63.31572635,0.007001232,98.03110241,0,81.8002035,-0.01448637,52.96815415,0,89.116713,0.00106601,78.88432228,0.005000464,-0.076582253,0.149678823,0.082159994,0.073819518,-0.055690522,0.054508696,-0.082470026,0.137486166,-0.028505097,0.278024871,0.077765347,0.048118067
2005,Jul,72.0301179,0.00753985,57.43114755,0.001525471,71.71276345,0.003468262,63.80591984,0.007241171,81.39115639,0.004533914,70.33343337,0.002082138,64.08210014,0.012104004,98.03110241,0,81.31136275,-0.005976034,52.96815415,0,89.16848606,0.000580958,79.05577288,0.002173443,-0.09411633,0.148748262,0.059760186,0.068389505,-0.063142892,0.033002136,-0.041883036,0.137486166,-0.048772226,0.278024871,0.070960195,0.036889268
2005,Ago,72.2977017,0.003714888,57.33100417,-0.001743712,72.23465968,0.007277592,64.31143528,0.007922704,81.2700896,-0.001487469,70.90842813,0.008175269,66.87285045,0.043549607,98.03110241,0,80.53600383,-0.009535677,54.11156584,0.021586776,89.7249295,0.00624036,79.50904269,0.005733545,-0.098663112,0.1324263,0.044226822,0.066076275,-0.072861434,0.023433366,0.030062576,0.137486166,-0.071153902,0.305613308,0.010880108,0.031499626
2005,Sep,73.28718577,0.013686245,57.67495761,0.005999432,72.84635768,0.008468206,65.91770775,0.024976467,81.99895793,0.00896847,71.4724887,0.007954775,73.03955847,0.09221542,98.03110241,0,80.94452213,0.005072493,58.43771647,0.079948724,89.7661924,0.000459882,80.44004737,0.011709419,-0.050061796,0.130462827,0.037023667,0.087957677,-0.066620987,0.026318783,0.177648937,0.137486166,-0.060599357,0.119565702,0.007897931,0.042327387
2005,Oct,73.5902833,0.004135751,57.74634472,0.001237749,73.26925741,0.005805365,67.12099807,0.018254432,82.28165973,0.003447627,72.05439355,0.008141662,75.05877761,0.027645555,98.03110241,0,81.26116838,0.003911892,58.43771647,0,90.29737365,0.005917386,80.84767458,0.005067466,-0.039318975,0.010497095,0.041860476,0.093196698,-0.06460831,0.030365377,0.190410937,-4.55894E-06,-0.060093827,0.119565702,-0.020109697,0.034215563
2005,Nov,73.67890515,0.00120426,57.80370088,0.000993243,73.68611926,0.005689451,67.43724381,0.004711577,83.06489039,0.009518897,72.75642068,0.009743016,71.81715604,-0.043187775,98.03110241,0,81.63240669,0.004568459,58.43771647,0,90.28885584,-9.43307E-05,81.07853335,0.002855478,-0.01930446,0.012866556,0.044162929,0.098135536,-0.047042159,0.048134873,0.181118867,-4.55894E-06,-0.049257661,0.119565702,0.004708118,0.045225311
2005,Dic,74.60889398,0.012622186,57.76790098,-0.000619336,74.49906674,0.011032573,67.85811618,0.006240949,83.54630809,0.005795682,72.92907706,0.002373074,72.73901366,0.012836176,98.03110241,0,82.41048701,0.009531513,58.43771647,0,91.51019997,0.013527075,81.51522667,0.005386053,0.003125574,0.02413338,0.066528951,0.092789443,0.007650977,0.063367243,0.246837,-4.55894E-06,-0.037493491,0.119565702,0.01869746,0.048115711
2006,Ene,75.02228134,0.005540725,63.65253157,0.101866789,75.19899576,0.009395138,70.46177711,0.03836919,83.82187153,0.003298332,73.01426566,0.001168102,74.73605328,0.027454862,98.03110241,0,82.98753165,0.007002078,58.43771647,0,91.55260003,0.000463337,82.09357266,0.007094944,0.009091405,0.128567237,0.07308241,0.14015057,0.021770187,0.055900638,0.233247847,0,-0.03812745,0.110606399,0.020059963,0.05280981
2006,Feb,74.56383977,-0.006110739,64.01675473,0.005722053,75.97252853,0.010286477,70.66006449,0.002814113,84.81574053,0.011856917,73.49433963,0.006575071,74.21585938,-0.006960414,98.03110241,0,83.09903553,0.001343622,58.43771647,0,91.56694304,0.000156664,82.50366176,0.004995386,0.008235952,0.133794087,0.082024992,0.138007698,0.039968046,0.059073747,0.215794771,0,-0.031556453,0.103261335,0.022082766,0.054994212
2006,Mar,74.42523419,-0.001858885,64.19487012,0.002782325,76.39389197,0.005546261,70.59780141,-0.000881164,84.9022234,0.001019656,73.79424613,0.004080675,74.4156624,0.002692188,98.03110241,0,83.67971964,0.006987856,58.43771647,0,91.54678412,-0.000220155,82.7325165,0.002773874,0.021825623,0.131195603,0.083683945,0.133001411,0.037938194,0.054136469,0.203146121,0,-0.014168698,0.103261335,0.023517663,0.055372868
2006,Abr,73.69414095,-0.00982319,64.3308426,0.002118121,76.72011303,0.004270251,71.12925703,0.007527934,85.5185062,0.007258736,74.26638221,0.006398007,76.46881336,0.027590307,98.03110241,0,84.1548837,0.005678366,58.43771647,0,91.54933109,2.78216E-05,82.94120322,0.002522427,0.018497881,0.128520709,0.082909025,0.133572222,0.047605322,0.060877498,0.209955587,0,0.001382364,0.103261335,0.026814842,0.058760496
2006,May,73.83318092,0.001886717,64.34290518,0.000187508,77.14956782,0.005597682,71.61363271,0.006809795,86.07524809,0.006510192,74.48520842,0.002946504,77.56995081,0.014399824,98.03110241,0,84.41392139,0.003078106,58.59360534,0.002667607,91.51814456,-0.000340653,83.10249851,0.001944694,0.02794629,0.12951199,0.083649324,0.134693829,0.059591413,0.0608174,0.233706703,0,0.017003216,0.106204403,0.028041775,0.058740789
2006,Jun,74.75676331,0.012509042,64.55084861,0.0032318,77.39271074,0.003151578,72.05516861,0.006165529,86.15492833,0.000925704,74.5496203,0.000864761,78.5534584,0.012678977,98.03110241,0,84.64749918,0.002767053,58.59360534,0,91.55804721,0.000436008,83.27483614,0.002073796,0.045679506,0.125683916,0.082947097,0.137463931,0.063328637,0.062152654,0.240662675,0,0.034807929,0.106204403,0.027394796,0.055657623
2006,Jul,75.24957312,0.006592177,65.05672836,0.007836919,77.95401784,0.007252713,72.66920196,0.008521711,86.63925424,0.005621569,74.6454005,0.001284785,80.21855382,0.021196971,98.03110241,0,84.80616043,0.001874376,58.59360534,0,91.57271867,0.000160242,83.50937514,0.002816445,0.044695959,0.132777789,0.087031291,0.138910028,0.064479952,0.061307502,0.251809064,0,0.042980434,0.106204403,0.026962806,0.056334941
2006,Ago,75.59303024,0.00456424,65.39305015,0.00516967,78.33526548,0.004890673,72.95874606,0.003984413,86.82922028,0.002192609,74.77221803,0.001698933,79.43443547,-0.009774775,98.03110241,0,85.13380706,0.003863477,61.30605259,0.046292547,91.58652875,0.00015081,83.81558436,0.003666765,0.04557999,0.140622794,0.084455382,0.134459925,0.068403157,0.054489854,0.187842823,0,0.057090034,0.132956543,0.020747849,0.054164175
2006,Sep,76.01095067,0.005528558,65.41000573,0.000259287,78.57187307,0.003020448,72.69300856,-0.003642298,87.27659205,0.005152318,75.18205388,0.005481125,74.10448213,-0.067098775,98.03154933,4.55896E-06,85.64652898,0.006022542,66.25030359,0.08064866,91.67319496,0.000946277,84.05125416,0.002811766,0.037165636,0.1341145,0.07859714,0.10278423,0.06436221,0.051902001,0.014580094,4.55896E-06,0.058089253,0.133690835,0.021244107,0.044893146
2006,Oct,76.29076033,0.003681176,65.35142204,-0.000895638,78.91577373,0.004376893,72.51033583,-0.002512934,87.80652065,0.00607183,75.47508495,0.00389762,73.79750762,-0.004142455,98.03154933,0,86.04148149,0.004611425,66.25030359,0,92.08246091,0.004464402,84.26944238,0.002595895,0.036696109,0.131697986,0.077065287,0.080292873,0.067145716,0.047473738,-0.016803764,4.55896E-06,0.058826537,0.133690835,0.019768983,0.042323639
2006,Nov,77.24060199,0.012450284,65.59216921,0.003683886,79.31007592,0.004996494,72.68867389,0.002459485,88.02560478,0.002495078,75.98861167,0.006803924,74.3419649,0.007377719,98.03154933,0,86.17599154,0.001563316,66.25030359,0,92.26286379,0.001959145,84.51053257,0.002860944,0.048340795,0.13473996,0.076323149,0.077871363,0.059720953,0.044424821,0.035156069,4.55896E-06,0.055659082,0.133690835,0.021863251,0.04232932
2006,Dic,78.32880808,0.014088524,65.89420836,0.004604805,79.65705763,0.004375002,73.01207336,0.004449104,88.58647902,0.006371717,76.41954969,0.005671087,74.9316644,0.007932256,98.03154933,0,86.57287381,0.004605485,66.25030359,0,92.39336248,0.001414423,84.75096899,0.002845047,0.049858856,0.140671675,0.069235644,0.075951964,0.060327871,0.047861193,0.030144081,4.55896E-06,0.050507975,0.133690835,0.009650973,0.039694944
2007,Ene,77.86190824,-0.005960768,80.91863893,0.228008363,80.25021011,0.007446327,72.98772407,-0.000333497,89.05830723,0.005326188,76.72061185,0.003939596,75.96378089,0.013774103,98.03154933,0,86.71219275,0.001609268,66.8784087,0.009480788,92.36605029,-0.000295608,85.00712089,0.003022407,0.037850447,0.271255627,0.067171301,0.035848471,0.062470995,0.050761946,0.016427515,4.55896E-06,0.044882177,0.144439118,0.008885059,0.035490577
2007,Feb,77.37285052,-0.006281091,83.72567932,0.034689664,80.8050723,0.006914153,73.40782814,0.005755818,89.12016298,0.000694553,77.0768471,0.004643279,76.85127595,0.011683134,98.03154933,0,87.1919778,0.005533075,66.8784087,0,91.70578601,-0.007148344,85.14420272,0.001612592,0.03767256,0.307871348,0.063609095,0.038887081,0.050750278,0.048745352,0.035510154,4.55896E-06,0.049253788,0.144439118,0.0015163,0.032005137
2007,Mar,77.22095537,-0.001963158,85.36525398,0.019582698,81.22972851,0.005255316,73.61484075,0.002820035,89.16322294,0.000483167,77.58002968,0.006528323,78.97851666,0.027679966,98.03154933,0,87.31574009,0.001419423,66.8784087,0,91.96406666,0.002816405,85.31565709,0.002013694,0.037564157,0.329783109,0.063301351,0.042735599,0.050187137,0.05130188,0.061315778,4.55896E-06,0.043451633,0.144439118,0.004558134,0.031222797
2007,Abr,77.75638944,0.006933792,85.78533371,0.004920969,81.67603157,0.005494332,73.709377,0.001284201,89.32423062,0.001805763,77.98890445,0.005270361,80.61460108,0.020715563,98.03154933,0,87.55841245,0.002779251,66.8784087,0,92.29082955,0.003553158,85.46128597,0.001706942,0.055123086,0.333502411,0.064597383,0.036273681,0.044501764,0.050123921,0.054215405,4.55896E-06,0.040443627,0.144439118,0.008099442,0.030383967
2007,May,77.96981908,0.00274485,86.1464862,0.004209956,82.04552049,0.004523835,74.1202292,0.005573947,89.35786487,0.000376541,78.4307144,0.005665036,83.40385233,0.034599827,98.03154933,0,87.87794535,0.003649368,66.8784087,0,92.37539654,0.00091631,85.71641955,0.00298537,0.056026818,0.338865349,0.063460533,0.035001666,0.038136594,0.052970329,0.075208266,4.55896E-06,0.041036169,0.141394326,0.009367017,0.031454181
2007,Jun,78.39008433,0.005390102,85.92218724,-0.002603692,82.41774239,0.004536773,74.05288581,-0.00090857,89.39317956,0.000395205,78.83682317,0.00517793,84.09431754,0.008278577,98.03154933,0,88.23878933,0.004106195,66.8784087,0,92.42330666,0.000518646,85.88594375,0.001977733,0.048601904,0.331077578,0.064929004,0.027724829,0.037586373,0.057508044,0.070536158,4.55896E-06,0.042426418,0.141394326,0.009450392,0.031355302
2007,Jul,78.13381421,-0.003269165,84.77535647,-0.013347318,82.81885685,0.004866846,74.44555502,0.005302551,89.42701104,0.000378457,79.02492083,0.002385911,85.07443198,0.011654943,98.03154933,0,88.25550954,0.000189488,66.8784087,0,92.47282946,0.000535826,85.99233039,0.001238697,0.038329003,0.303098982,0.06240652,0.024444373,0.032176602,0.058671,0.060533105,4.55896E-06,0.040673332,0.141394326,0.009829464,0.029732653
2007,Ago,77.78283043,-0.004492086,82.83915406,-0.022839213,83.05593894,0.002862658,74.66346196,0.002927065,89.53170877,0.001170762,79.90787143,0.011173065,82.91538696,-0.025378307,98.03154933,0,88.72663939,0.005338249,68.12130716,0.01858445,92.44234719,-0.000329635,86.10075883,0.001260908,0.028968282,0.266788349,0.06026243,0.023365477,0.031124182,0.068683978,0.043821694,4.55896E-06,0.042202181,0.111167728,0.00934437,0.027264315
2007,Sep,77.91854586,0.001744799,82.48138383,-0.004318854,83.58581251,0.006379719,75.0127511,0.00467818,89.86427887,0.003714551,80.52232226,0.007689491,84.9446522,0.024473928,98.03154933,0,89.30866101,0.006559717,74.27433281,0.090324539,92.47401146,0.00034253,86.23425911,0.001550512,0.025096321,0.260990316,0.063813414,0.031911494,0.029649265,0.071031159,0.146282246,0,0.042758674,0.121116867,0.008735558,0.025972307
2007,Oct,78.11892295,0.002571623,82.09919421,-0.004633647,84.05572109,0.00562187,75.67975475,0.00889187,90.06695862,0.002255398,81.00504882,0.005994941,85.81255447,0.010217268,98.03154933,0,89.55268271,0.002732341,74.27433281,0,92.48748897,0.000145744,86.51019016,0.003199785,0.023963093,0.256272498,0.065132066,0.043709892,0.025743395,0.073268733,0.162811011,0,0.040808238,0.121116867,0.004398536,0.026590277
2007,Nov,80.69011472,0.032913815,82.65554718,0.006776595,84.31994213,0.003143403,76.00594364,0.004310121,90.24928815,0.002024378,81.44733429,0.005459974,88.5821589,0.032275049,98.03154933,0,89.54477022,-8.83557E-05,74.27433281,0,92.70543796,0.002356524,86.64995373,0.001615574,0.04465932,0.260143523,0.063168093,0.04563668,0.025261779,0.071836062,0.191549874,0,0.039091847,0.121116867,0.004796883,0.025315438
2007,Dic,83.81582233,0.038737181,83.17767762,0.006316944,84.90257977,0.006909844,76.34800228,0.00450042,90.53740163,0.003192418,82.22387561,0.009534275,88.39698429,-0.002090428,98.03154933,0,89.78429282,0.002674892,74.27433281,0,92.88333711,0.001918972,86.9401947,0.00334958,0.070051037,0.262291174,0.065851317,0.0456901,0.022022803,0.075953417,0.179701332,0,0.03709498,0.121116867,0.005303137,0.025831277
2008,Ene,85.61747315,0.021495355,83.28242553,0.001259327,85.46256117,0.006595576,76.80046184,0.005926279,90.92546783,0.004286253,82.69911985,0.005779881,89.49315534,0.012400548,98.03154933,0,89.39720817,-0.004311274,75.24749288,0.013102239,92.86631751,-0.000183236,87.24027877,0.003451615,0.099606664,0.029211893,0.064951245,0.052238069,0.020965597,0.077925708,0.178102963,0,0.030964681,0.125138806,0.005416137,0.026270245
2008,Feb,84.7250204,-0.010423722,83.83530811,0.006638647,85.99621325,0.006244279,77.14510815,0.004487555,91.54421183,0.006804958,83.36560491,0.008059155,89.64378609,0.001683154,98.03154933,0,89.46633594,0.000773265,75.24749288,0,93.27853742,0.004438853,87.44820869,0.002383417,0.095022606,0.001309381,0.064242761,0.050911192,0.02719978,0.081590751,0.166458006,0,0.026084489,0.125138806,0.017149969,0.027060045
2008,Mar,86.84577555,0.025031037,84.34496227,0.00607923,86.26525499,0.00312853,77.28601248,0.001826484,91.80661765,0.002866438,83.69821021,0.003989719,93.01264692,0.037580528,98.03154933,0,89.34625456,-0.001342196,75.24749288,0,93.25561198,-0.000245774,87.65568417,0.002372553,0.124640004,-0.011952073,0.061991177,0.049869995,0.029646693,0.078862828,0.177695541,0,0.02325485,0.125138806,0.014044021,0.027427874
2008,Abr,89.37122017,0.029079648,84.56892466,0.002655314,86.76402427,0.00578181,77.39258385,0.001378922,92.1465603,0.003702812,84.19845031,0.005976712,94.75097541,0.018689163,98.03154933,0,89.563262,0.002428836,75.24749288,0,99.93106073,0.071582274,87.89673205,0.00274994,0.149374615,-0.014179685,0.062294808,0.049969312,0.031596462,0.079620888,0.175357493,0,0.022897281,0.125138806,0.082784294,0.028497653
2008,May,88.47255489,-0.010055421,84.04805239,-0.006159145,87.1160416,0.004057181,77.50862558,0.001499391,92.23942823,0.001007829,84.73492135,0.006371507,96.79417869,0.021563929,98.03154933,0,89.72817579,0.001841311,75.33717214,0.001191791,99.74984291,-0.001813428,88.04524339,0.001689612,0.13470258,-0.024358902,0.061801316,0.045714866,0.032247451,0.080379313,0.160548056,0,0.021054548,0.126479735,0.079831282,0.027168935
2008,Jun,91.01733476,0.028763495,83.66741028,-0.004528863,87.67070298,0.006366926,77.97866048,0.006064292,92.78360779,0.005899642,85.26053439,0.006203027,102.1612195,0.055447971,98.03154933,0,89.94538665,0.002420765,75.33717214,0,99.78817346,0.000384267,88.2632452,0.00247602,0.161082241,-0.026242081,0.063735798,0.053013122,0.037927147,0.081481102,0.214840937,0,0.01934067,0.126479735,0.079686251,0.02767975
2008,Jul,91.90626942,0.009766652,85.65055423,0.023702705,88.10062917,0.004903875,79.22738148,0.016013625,93.54190692,0.00817277,85.91568698,0.007684125,105.8234267,0.035847333,98.03154933,0,91.04337181,0.012207243,75.33717214,0,100.208555,0.004212739,88.44804367,0.002093719,0.17626754,0.010323728,0.063774997,0.064232531,0.046014016,0.087197381,0.243892251,0,0.031588535,0.126479735,0.083654038,0.028557352
2008,Ago,92.84857655,0.010252915,86.09857836,0.005230837,88.85227791,0.008531707,79.74245421,0.006501196,94.09449245,0.005907358,86.57065347,0.007623363,102.9412176,-0.027236021,98.03154933,0,92.31423523,0.013958879,77.05871276,0.022851145,103.71909,0.035032288,88.70464039,0.002901101,0.193689867,0.039346422,0.069788374,0.068025137,0.050962768,0.083380797,0.241521284,0,0.040434258,0.131198387,0.121986764,0.03024226
2008,Sep,94.81893401,0.021221192,86.12197029,0.000271688,89.50149785,0.007306734,80.44103325,0.008760441,94.46517591,0.003939481,87.80244342,0.014228724,103.0361216,0.000921924,98.03154933,0,93.63757777,0.014335195,83.52913316,0.083967408,103.7961932,0.000743385,88.93988858,0.002652039,0.216898146,0.044138281,0.070773797,0.072364792,0.051198286,0.090411217,0.212979499,0,0.04847141,0.124602941,0.122436364,0.031375343
2008,Oct,96.23741847,0.014959928,89.33941602,0.037359175,90.16903264,0.007458364,80.7648687,0.00402575,94.98376053,0.005489691,88.26032466,0.005214903,96.35820731,-0.06481139,98.03154933,0,93.92149726,0.003032111,83.52913316,0,104.1598106,0.003503186,89.21183896,0.003057687,0.231934784,0.088188707,0.072729274,0.067192527,0.054590518,0.089565724,0.122891725,0,0.048784854,0.124602941,0.126204331,0.031229255
2008,Nov,95.1718545,-0.011072242,89.98907263,0.00727178,90.94326163,0.008586418,79.42324595,-0.016611464,95.46687609,0.005086296,88.77365903,0.00581614,85.06382637,-0.117212444,98.03154933,0,94.1970775,0.002934155,83.52913316,0,104.1556856,-3.96027E-05,89.50305733,0.003264347,0.179473531,0.088723936,0.078549858,0.044960988,0.057813065,0.089951682,-0.039718297,0,0.051955098,0.124602941,0.123512146,0.032926776
2008,Dic,94.93752006,-0.002462224,90.58509866,0.006623316,91.43785045,0.005438433,78.79635954,-0.007892984,95.72272641,0.00267999,89.44309011,0.007540875,79.93151125,-0.060334873,98.03154933,0,94.60210554,0.004299794,83.52913316,0,104.2281276,0.000695516,89.88377132,0.004253642,0.132692103,0.089055396,0.076973759,0.032068387,0.057272737,0.087799492,-0.095766537,0,0.053659861,0.124602941,0.122140212,0.033857488
2009,Ene,95.69953971,0.008026538,92.98129147,0.026452395,91.90133155,0.00506881,79.03750671,0.003060385,96.1544517,0.004510165,89.90477611,0.005161785,79.2372067,-0.008686243,98.03154933,0,94.95906397,0.003773261,84.01571319,0.005825273,104.2039748,-0.00023173,90.07253336,0.002100068,0.117757114,0.116457534,0.075340246,0.029128013,0.057508463,0.087130991,-0.114600369,0,0.062215095,0.116525082,0.122085785,0.032464988
2009,Feb,95.43996687,-0.002712373,93.52531556,0.005850898,92.13148916,0.002504399,79.62844257,0.007476651,96.33094427,0.001835511,90.32985357,0.004728085,80.12122582,0.011156616,98.03154933,0,94.95798685,-1.1343E-05,84.01571319,0,104.2598594,0.0005363,90.37572177,0.003366047,0.126467322,0.115583847,0.071343559,0.032190433,0.05228875,0.083538633,-0.106226663,0,0.061382316,0.116525082,0.117726138,0.033477107
2009,Mar,95.23647739,-0.00213212,94.07355226,0.005861907,92.52904873,0.004315132,79.36666,-0.003287551,96.66130023,0.003429386,90.61489766,0.003155591,80.64394177,0.006524063,98.03154933,0,95.04936947,0.000962348,84.22975236,0.002547609,104.204456,-0.000531397,90.94094347,0.006254132,0.09661612,0.11534287,0.072610853,0.026921398,0.052879441,0.082638415,-0.132978746,0,0.063831606,0.119369552,0.117406811,0.037479136
2009,Abr,93.98808216,-0.013108373,93.85992851,-0.002270816,92.67906717,0.001621312,80.06678168,0.008821358,96.76031849,0.001024384,90.92230144,0.00339242,82.25039888,0.019920369,98.14978165,0.001206064,94.94644165,-0.001082888,84.22975236,0,103.7688164,-0.004180624,91.3428065,0.004418945,0.051659382,0.109863095,0.068173911,0.03455367,0.050069782,0.079857184,-0.131930848,0.001206064,0.060104774,0.119369552,0.038404032,0.039205945
2009,May,92.02996231,-0.020833704,93.92269737,0.00066875,92.9695116,0.003133873,80.44597006,0.004735901,96.80292182,0.000440298,91.24342087,0.003531801,84.46044437,0.026869724,98.14978165,0,94.84713813,-0.00104589,84.76607636,0.006367394,103.5048312,-0.002543974,91.82669598,0.005297511,0.040209163,0.117488088,0.067191643,0.037897001,0.049474435,0.076810121,-0.127422274,0.001206064,0.057049665,0.125156068,0.037644052,0.042948971
2009,Jun,92.70781842,0.007365602,94.08865613,0.001766972,93.1089779,0.001500129,85.23043929,0.059474318,96.86959933,0.000688796,91.94975949,0.007741255,90.04902864,0.066168066,98.22972908,0.000814545,94.62810942,-0.002309281,84.76607636,0,101.2869039,-0.021428249,92.04704986,0.002399671,0.018573205,0.124555616,0.062030698,0.092996966,0.04403786,0.078456289,-0.118559576,0.002021592,0.052061845,0.125156068,0.015019118,0.042869539
2009,Jul,93.49146678,0.008452883,94.20790727,0.001267434,93.63364976,0.00563503,86.93960785,0.020053499,96.84738498,-0.000229322,92.32225908,0.004051121,88.53182732,-0.016848614,98.22972908,0,94.64001374,0.000125801,84.76607636,0,101.8241624,0.005304324,92.33839544,0.003165181,0.017247978,0.099910072,0.062803417,0.097342942,0.035336868,0.07456813,-0.163400486,0.002021592,0.039504709,0.125156068,0.01612245,0.043984599
2009,Ago,93.70721738,0.002307704,94.61415227,0.004312218,93.98062933,0.003705714,88.0878414,0.013207255,97.1306504,0.002924864,92.70015376,0.004093213,90.58059403,0.023141584,98.22972908,0,95.40999288,0.008135873,85.8141141,0.012363882,101.1243504,-0.00687275,92.82679238,0.005289208,0.009247754,0.098904931,0.057717726,0.104654256,0.032267116,0.070803443,-0.120074581,0.002021592,0.033534998,0.113619875,-0.025016992,0.046470534
2009,Sep,93.23121643,-0.005079662,94.40970339,-0.00216087,94.26146054,0.002988182,88.73892599,0.007391311,97.17646123,0.000471641,93.27024609,0.006149853,89.80301993,-0.008584334,98.22972908,0,95.66084629,0.002629215,91.78077072,0.069530015,100.5501625,-0.005678038,93.52869578,0.007561431,-0.016744731,0.096232507,0.053183051,0.103154975,0.028701427,0.062273924,-0.128431675,0.002021592,0.021607442,0.09878754,-0.031273119,0.051594479
2009,Oct,93.44065177,0.002246408,94.34555165,-0.000679504,94.52149501,0.002758651,89.24179684,0.005666857,97.26777098,0.000939628,93.46035897,0.002038301,90.07012943,0.002974393,98.22972908,0,96.05401864,0.004110066,91.78077072,0,100.3558105,-0.001932886,94.10598935,0.006172368,-0.029061115,0.056035016,0.048270035,0.104958112,0.024046326,0.058917009,-0.065257315,0.002021592,0.02270536,0.09878754,-0.036520804,0.054859876
2009,Nov,93.83042864,0.004171384,94.8229338,0.005059933,94.85748705,0.003554663,90.35267742,0.012447985,97.61415276,0.003561116,93.77136559,0.003327685,92.76380419,0.029906416,98.22972908,0,96.49059935,0.004545158,91.78077072,0,100.7494164,0.003922104,94.6520788,0.005802919,-0.014094775,0.053716091,0.043040302,0.137609982,0.022492374,0.056297179,0.090520003,0.002021592,0.024348121,0.09878754,-0.032703632,0.057529001
2009,Dic,94.75995038,0.0099064,95.19045353,0.003875853,95.35231355,0.005216526,90.98604549,0.007009954,97.72036757,0.001088109,94.15229469,0.004062318,91.39820969,-0.0147212,98.22972908,0,96.83130599,0.003530983,91.78077072,0,101.076898,0.003250457,95.17718372,0.005547738,-0.001870385,0.050840093,0.042810095,0.154698593,0.020869037,0.052650289,0.143456545,0.002021592,0.023563962,0.09878754,-0.030233965,0.058891748
2010,Ene,95.27696542,0.00545605,96.67634774,0.015609698,95.79884144,0.004682927,92.18633765,0.013192047,97.8568382,0.001396542,94.41509771,0.002791254,95.32037265,0.042912908,98.22972908,0,96.78714928,-0.000456017,92.22286144,0.004816812,99.47904752,-0.015808266,95.3489956,0.001805179,-0.004415636,0.039739782,0.042409722,0.166361915,0.017704708,0.050167764,0.202974923,0.002021592,0.019251299,0.097685872,-0.045343062,0.058580147
2010,Feb,96.17294445,0.009403942,98.66250391,0.020544386,96.19869124,0.004173848,92.36151742,0.001900279,97.98640837,0.001324079,94.62477001,0.00222075,94.28581695,-0.010853458,98.22972908,0,97.06416766,0.00286214,92.22286144,0,99.52287617,0.000440582,95.67746073,0.003444872,0.007679986,0.054928319,0.044145624,0.159906114,0.017185175,0.047547032,0.176789496,0.002021592,0.022180133,0.097685872,-0.045434391,0.05866331
2010,Mar,97.19180719,0.010594068,98.92751876,0.002686075,96.52663449,0.00340902,92.46492682,0.001119616,98.19906297,0.002170246,94.99183267,0.003879139,96.30801832,0.021447567,98.0736643,-0.001588773,97.01704785,-0.00048545,92.22286144,0,99.30143827,-0.002224995,95.95734895,0.002925331,0.020531312,0.051597568,0.043203576,0.165034875,0.015908774,0.048302598,0.194237486,0.000429606,0.020701646,0.094896505,-0.047051901,0.055161133
2010,Abr,97.34032848,0.001528126,98.45303762,-0.00479625,96.73528776,0.002161614,92.46369575,-1.3314E-05,98.28673487,0.000892798,95.58811096,0.006277153,97.23312326,0.00960569,98.0736643,0,97.21583752,0.002049018,92.22286144,0,99.92021392,0.006231286,96.25088924,0.00305907,0.035666717,0.048935783,0.043766308,0.154832176,0.015775231,0.051316448,0.182159899,-0.000775522,0.023901853,0.094896505,-0.037088237,0.053732559
2010,May,97.4094512,0.000710114,99.12068572,0.006781387,97.21244249,0.004932582,92.7558312,0.003159461,98.36477508,0.000794005,96.02298602,0.004549468,97.80020039,0.005832139,98.0736643,0,97.4748866,0.00266468,93.43913637,0.013188432,99.77581643,-0.001445128,96.5428921,0.003033768,0.058453668,0.055343261,0.045637874,0.153020234,0.016134361,0.052382573,0.15794087,-0.000775522,0.02770509,0.102317582,-0.036027446,0.05135975
2010,Jun,97.68137269,0.002791531,98.88350277,-0.00239287,97.52506435,0.003215863,92.68655219,-0.000746897,98.43470017,0.000710875,96.37870961,0.003704567,96.49241634,-0.013371998,98.0736643,0,97.88047113,0.004160913,93.43913637,0,100.3576917,0.005831827,96.90806773,0.003782522,0.053647625,0.050960943,0.047429223,0.087481808,0.01615678,0.048167066,0.071554217,-0.001588773,0.034369932,0.102317582,-0.00917406,0.052810143
2010,Jul,97.73768322,0.000576472,98.95483267,0.000721353,97.94359088,0.004291477,93.14477595,0.0049438,98.56609685,0.001334861,96.95205842,0.005948916,97.28906979,0.008256125,99.15984426,0.011075144,97.72736088,-0.001564257,93.43913637,0,99.97695829,-0.003793764,97.6825832,0.00799227,0.045418225,0.05038776,0.046029831,0.071373316,0.017746601,0.050148246,0.098916319,0.009468775,0.032622007,0.102317582,-0.018141118,0.057876117
2010,Ago,98.32778466,0.006037604,99.17517879,0.002226734,98.34867543,0.004135896,93.53853315,0.004227367,98.974498,0.004143424,97.65708738,0.007271934,96.48781728,-0.008235792,99.15984426,0,98.10495443,0.003863744,94.91601778,0.015805812,100.2422011,0.00265304,98.37448873,0.007083203,0.049308553,0.048206599,0.046478153,0.061877913,0.01898317,0.053472766,0.065215108,0.009468775,0.028246114,0.106065346,-0.008723411,0.059763956
2010,Sep,98.86014828,0.005414173,99.65428536,0.004830912,98.71858895,0.003761246,94.28538236,0.007984402,99.33328477,0.003625043,98.01299449,0.003644458,96.84224944,0.003673336,99.81054655,0.006562155,99.34349202,0.012624618,100,0.053562953,100.6339469,0.003907993,98.86374646,0.004973421,0.060376042,0.055551302,0.047284737,0.062503082,0.022194917,0.050849532,0.07838522,0.016093066,0.038496897,0.089552847,0.00083326,0.057041859
2010,Oct,99.43249606,0.005789469,99.46682118,-0.001881145,99.07602996,0.003620808,95.09042843,0.008538398,99.42237369,0.000896869,98.51804597,0.005152903,98.44135524,0.016512481,99.81054655,0,99.63297355,0.002913946,100,0,100.2879469,-0.003438204,99.25844442,0.003992343,0.064124599,0.054282046,0.048185177,0.06553691,0.02215125,0.054115852,0.092941199,0.016093066,0.037259814,0.089552847,-0.00067623,0.054751617
2010,Nov,99.12712436,-0.003071146,99.83651127,0.003716718,99.48842256,0.004162385,96.18817516,0.01154424,99.65730723,0.002362985,99.2655729,0.007587716,99.1359602,0.007056028,100,0.001898131,99.96691753,0.003351742,100,0,100.3847211,0.000964963,99.60654495,0.003507012,0.056449659,0.052873047,0.048819926,0.064585776,0.020930924,0.058591525,0.068692267,0.018021743,0.036027532,0.089552847,-0.003619826,0.052343976
2010,Dic,100,0.008805619,100,0.001637565,100,0.00514208,100,0.03962883,100,0.003438712,100,0.007398608,100,0.008715705,100,0,100,0.000330934,100,0,100,-0.003832466,100,0.003950092,0.055298147,0.050525513,0.048742251,0.099069637,0.02332812,0.062109005,0.094113335,0.018021743,0.032723859,0.089552847,-0.010654245,0.050671979
2011,Ene,101.711,0.01711,100.1973,0.001973,100.2651,0.002651,101.2555,0.012555,100.2723,0.002723,100.4802,0.004802,102.8309,0.028309,100,0,99.9844,-0.000156,101.0767,0.010767,100.48602,0.0048602,100.26919,0.0026919,0.067529802,0.036419997,0.046621217,0.098378595,0.024683628,0.064238691,0.078792467,0.018021743,0.033033835,0.096004813,0.010122458,0.051601953
2011,Feb,103.462,0.017215444,101.817,0.016165106,100.592,0.003260357,102.25,0.009821689,100.729,0.004554598,100.981,0.004984067,105.391,0.024896213,100,0,100.367,0.003826597,101.077,2.96804E-06,101.072,0.005831458,100.658,0.003877662,0.075791124,0.031972593,0.045669112,0.107062799,0.027989511,0.067173003,0.117782116,0.018021743,0.034027308,0.096008066,0.015565505,0.052055513
2011,Mar,104.982,0.014691384,102.649,0.008171523,100.715,0.001222761,103.414,0.011383863,101.2749224,0.005419714,101.337,0.003525416,108.125,0.025941494,100,0,100.806,0.004373948,101.077,0,101.792,0.007123635,100.913,0.002533331,0.080152773,0.037618261,0.043390775,0.118413257,0.031322696,0.066796978,0.122699874,0.019641723,0.039054499,0.096008066,0.025080822,0.05164431
2011,Abr,105.3,0.003029091,102.96,0.003029742,100.82,0.001042546,104.43,0.009824589,101.69,0.004098523,101.84,0.004963636,111.39,0.030196532,99.7,-0.003,100.97,0.001626887,101.08,2.96803E-05,102.22,0.004204653,101.2,0.002844034,0.08177157,0.045777789,0.042225669,0.129416244,0.034625884,0.065404463,0.145597264,0.016582797,0.038616779,0.096040596,0.023016225,0.051418858
2011,May,105.007,-0.002782526,103.036,0.000738151,100.753,-0.000664551,104.93,0.004787896,102.119,0.004218704,102.234,0.003868814,112.49,0.009875213,98.65,-0.010531595,100.245,-0.007180351,101.4,0.003165809,102.638,0.004089219,101.383,0.0018083,0.077996013,0.039500476,0.036420827,0.131249633,0.038166355,0.064682575,0.150202142,0.005876559,0.028418739,0.085198386,0.028686145,0.050134275
2011,Jun,106.417,0.013427676,102.944,-0.000892892,100.845,0.000913124,108.045,0.029686458,102.507,0.003799489,103.233,0.0097717,113.578,0.009671971,98.65,0,100.595,0.003491446,101.4,0,103.073,0.004238196,101.739,0.003511437,0.089429817,0.041063445,0.034041871,0.165703087,0.041370572,0.071118304,0.177066596,0.005876559,0.0277331,0.085198386,0.027056305,0.049850672
2011,Jul,108.546,0.020006202,103.1278,0.001785437,101.011,0.001646091,108.753,0.006552825,102.833,0.003180271,104.091,0.008311296,114.205,0.005520435,98.726,0.0007704,100.899,0.003022019,101.4,0,103.807,0.007121167,101.999,0.002555559,0.11058495,0.042170425,0.03131812,0.167569506,0.043289765,0.073633729,0.173872874,-0.004375201,0.032453952,0.085198386,0.038309244,0.044188193
2011,Ago,108.94,0.003629798,103.45,0.003124279,100.89,-0.001197889,109.09,0.003098765,103.29,0.004444099,104.61,0.004986022,114.7,0.004334311,98.76,0.000344387,101.04,0.001397437,105.2,0.037475345,104.6,0.007639177,102.37,0.003637291,0.107926924,0.043103741,0.025839947,0.166257331,0.043602161,0.071197215,0.188751111,-0.00403232,0.029917404,0.108348227,0.043472698,0.040615319
2011,Sep,109.12,0.001652286,103.65,0.001933301,100.92,0.000297354,109.87,0.00715006,103.52,0.00222674,105.01,0.003823726,114.29,-0.003574542,98.76,0,100.7,-0.003365004,107.61,0.022908745,104.91,0.002963671,102.69,0.003125916,0.103781472,0.040095763,0.022299863,0.165291981,0.04214816,0.07138855,0.180166721,-0.010525406,0.013654724,0.0761,0.042491159,0.038702292
2011,Oct,109.63,0.004673754,103.78,0.001254221,100.55,-0.00366627,110.05,0.0016383,103.68,0.001545595,105.25,0.002285497,113.19,-0.009624639,98.76,0,101.22,0.005163853,107.66,0.000464641,105.28,0.003526833,102.92,0.002239751,0.102557055,0.04336299,0.014877161,0.157319425,0.042823624,0.068332192,0.149821635,-0.010525406,0.015928727,0.0766,0.049777199,0.036889109
2011,Nov,109.09,-0.004925659,103.96,0.001734438,100.83,0.002784684,110.34,0.002635166,103.9,0.002121914,105.72,0.004465558,113.77,0.005124128,98.76,0,101.36,0.001383126,107.66,0,105.44,0.001519757,103.18,0.002526234,0.100506049,0.041302412,0.013484759,0.147126451,0.042572822,0.065021809,0.147615858,-0.0124,0.013935435,0.0766,0.050359048,0.035875705
2011,Dic,109.71,0.005683381,104.14,0.001731435,101.11,0.002776951,110.25,-0.000815661,104.1,0.001924928,105.96,0.002270148,112.99,-0.006855937,98.76,0,101.91,0.005426204,107.66,0,105.71,0.002560698,103.59,0.003973638,0.0971,0.0414,0.0111,0.1025,0.041,0.0596,0.1299,-0.0124,0.0191,0.0766,0.0571,0.0359
2012,Ene,110.67,0.008750342,104.26,0.001152295,101.15,0.000395609,110.43,0.001632653,104.34,0.002305476,106.21,0.002359381,113.34,0.003097619,98.76,0,102.46,0.005396919,108.1,0.00408694,106.31,0.005675906,103.84,0.00241336,0.088082902,0.040547001,0.008825603,0.090607424,0.040566537,0.05702417,0.10219788,-0.0124,0.024759863,0.069484857,0.057958112,0.035612235
2012,Feb,111.35,0.006144393,106.32,0.019758297,101.18,0.000296589,110.14,-0.002626098,104.54,0.00191681,106.64,0.004048583,114.09,0.006617258,98.28,-0.004860267,102.54,0.000780793,108.08,-0.000185014,106.59,0.002633807,104.05,0.002022342,0.076240552,0.044226406,0.005845395,0.077163814,0.037834189,0.056040245,0.082540255,-0.0172,0.021650543,0.069283813,0.054594744,0.033698265
2012,Mar,111.33,-0.000179614,107.26,0.008841234,100.97,-0.002075509,109.75,-0.003540948,104.73,0.001817486,107.13,0.004594899,114.75,0.005784907,98.3,0.0002035,102.48,-0.000585138,108.08,0,106.87,0.002626888,104.26,0.00201826,0.060467509,0.044920067,0.002531897,0.0612683,0.034115826,0.057165695,0.061271676,-0.017,0.016606154,0.069283813,0.049886042,0.033167184
2012,Abr,110.73,-0.005389383,107.69,0.00400895,100.88,-0.000891354,109.94,0.001731207,104.87,0.001336771,107.51,0.003547092,115.09,0.002962963,98.93,0.006408952,102.29,-0.00185402,108.12,0.000370096,107.09,0.002058576,104.43,0.001630539,0.051566952,0.045940171,0.00059512,0.052762616,0.031271511,0.05567557,0.033216626,-0.00772317,0.01307319,0.069647804,0.04764234,0.031916996
2012,May,109.57,-0.010475932,107.86,0.001578605,100.93,0.000495638,109.69,-0.002273968,105.02,0.001430342,107.88,0.00344154,115,-0.000781997,98.93,0,101.68,-0.005963437,108.56,0.004069552,107.11,0.000186759,104.71,0.002681222,0.043454246,0.046818588,0.001756772,0.045363576,0.028408034,0.055226246,0.022313094,0.002838317,0.014314928,0.07061144,0.043570607,0.032816153
2012,Jun,111,0.013051018,108.98,0.010383831,100.81,-0.001188943,108.8,-0.008113775,105.19,0.001618739,108.24,0.003337041,114.39,-0.005304348,98.83,-0.001010816,101.57,-0.001081825,108.56,0,107.41,0.002800859,104.92,0.002005539,0.043066427,0.05863382,-0.000347067,0.006987829,0.026173822,0.048501933,0.007149272,0.001824633,0.009692331,0.07061144,0.042076975,0.031266279
2012,Jul,110.9,-0.000900901,109.55,0.005230317,100.63,-0.001785537,107.67,-0.010386029,105.35,0.001521057,108.58,0.003141168,113.47,-0.008042661,98.83,0,101.88,0.003052082,108.64,0.00073692,107.67,0.002420631,105.23,0.002954632,0.021686658,0.062274188,-0.003771866,-0.009958346,0.024476579,0.043125727,-0.006435795,0.001053421,0.009722594,0.071400394,0.03721329,0.031676781
2012,Ago,111.96,0.009558161,109.75,0.00182565,100.64,9.93739E-05,107.49,-0.001671775,105.58,0.002183199,109.01,0.003960214,115.05,0.013924385,98.83,0,101.87,-9.81547E-05,121.73,0.120489691,107.89,0.00204328,105.5,0.002565808,0.027721682,0.060898985,-0.002477946,-0.014666789,0.022170588,0.042060988,0.003051439,0.000708789,0.008214568,0.157129278,0.031453155,0.030575364
2012,Sep,113.11,0.010271526,109.88,0.00118451,100.35,-0.002881558,107.94,0.004186436,105.82,0.002273158,109.53,0.004770205,116.05,0.008691873,98.83,0,101.66,-0.002061451,124.71,0.024480407,108.33,0.004078228,105.77,0.002559242,0.036565249,0.060106126,-0.005648038,-0.017566215,0.022217929,0.04304352,0.015399423,0.000708789,0.009533267,0.158907165,0.032599371,0.029993183
2012,Oct,113.42,0.002740695,109.99,0.001001092,99.61,-0.00737419,108.34,0.003705762,105.96,0.001323001,109.84,0.002830275,116.62,0.004911676,98.83,0,101.76,0.000983671,124.71,0,108.71,0.0035078,105.88,0.001039992,0.034570829,0.059838119,-0.009348583,-0.015538392,0.021990741,0.043610451,0.03030303,0.000708789,0.005334914,0.158368939,0.032579787,0.028760202
2012,Nov,115.36,0.017104567,110.18,0.00172743,99.95,0.003413312,108.88,0.004984309,106.28,0.003020008,110.17,0.00300437,116.81,0.001629223,98.83,0,101.68,-0.000786164,125.11,0.003207441,109.03,0.002943611,106.1,0.002077824,0.057475479,0.059830704,-0.008727561,-0.013231829,0.022906641,0.042092319,0.026720577,0.000708789,0.003157064,0.16208434,0.0340478,0.028300058
2012,Dic,116.67,0.011355756,116.6,0.058268288,99.89,-0.0006003,109.32,0.004041146,106.7,0.003951825,110.53,0.003267677,116.65,-0.001369746,98.83,0,103.17,0.014653816,125.15,0.000319719,109.81,0.007153994,106.45,0.003298775,0.063439978,0.11964663,-0.012066067,-0.008435374,0.024975985,0.043129483,0.032392247,0.000708789,0.01236385,0.16245588,0.038785356,0.027608843
2013,Ene,117.93,0.010799691,120.78,0.035849057,100.02,0.001301432,110.2,0.008049762,107.76,0.009934396,111.27,0.006695015,118.42,0.015173596,100.92,0.021147425,105.53,0.022874867,126.73,0.01262485,112,0.019943539,107.28,0.007797088,0.065600434,0.158450029,-0.011171527,-0.002082767,0.032777458,0.047641465,0.044820893,0.021871203,0.029962912,0.172340426,0.053522717,0.033127889
2013,Feb,116.52,-0.011956245,121.97,0.009852625,99.83,-0.00189962,111.36,0.010526316,108.51,0.006959911,112.37,0.009885863,120.07,0.013933457,100.92,0,106.16,0.005969866,126.73,0,112.71,0.006339286,108.37,0.010160328,0.046430175,0.147197141,-0.013342558,0.011076811,0.037975894,0.053732183,0.05241476,0.026862027,0.035303296,0.172557365,0.057416268,0.041518501
2013,Mar,117.05,0.004548575,122.21,0.001967697,99.9,0.000701192,111.52,0.001436782,109,0.004515713,112.84,0.004182611,120.81,0.006163072,100.92,0,106.46,0.002825923,126.73,0,112.86,0.001330849,109.05,0.006274799,0.051378784,0.139380944,-0.010597207,0.016127563,0.040771508,0.053299729,0.052810458,0.026653103,0.038836846,0.172557365,0.056049406,0.045942835
2013,Abr,117.05,0,122.4,0.001554701,99.82,-0.000800801,111.2,-0.00286944,109.33,0.003027523,113.31,0.00416519,120.21,-0.004966476,100.92,0,105.94,-0.004884464,126.73,0,113.1,0.002126528,109.46,0.003759743,0.05707577,0.136595784,-0.010507534,0.011460797,0.042528845,0.05394847,0.044486923,0.020115233,0.035682862,0.172123566,0.05612102,0.048166236
2013,May,116.14,-0.007774455,122.42,0.000163399,99.17,-0.006511721,110.99,-0.001888489,109.52,0.001737858,113.63,0.002824111,120.14,-0.000582314,100.92,0,105.58,-0.00339815,127.7,0.007654068,113.28,0.001591512,109.68,0.002009867,0.059961668,0.134989802,-0.017437828,0.011851582,0.042848981,0.053299963,0.044695652,0.020115233,0.038355625,0.176308032,0.057604332,0.047464426
2013,Jun,115.51,-0.005424488,122.52,0.00081686,98.9,-0.002722598,111.14,0.001351473,109.72,0.00182615,114.1,0.004136232,120.76,0.005160646,100.92,0,105.68,0.000947149,127.74,0.000313234,113.49,0.001853814,110.03,0.003191101,0.040630631,0.12424298,-0.018946533,0.021507353,0.04306493,0.05413895,0.055686686,0.021147425,0.040464704,0.176676492,0.05660553,0.048703774
2013,Jul,117.25,0.015063631,122.32,-0.001632387,98.82,-0.000808898,111.3,0.001439626,109.92,0.001822822,114.46,0.003155127,121.7,0.007784034,100.92,0,106.33,0.006150643,127.74,0,113.61,0.001057362,110.28,0.002272108,0.057258792,0.116567777,-0.017986684,0.033714126,0.043379212,0.054153619,0.072530184,0.021147425,0.043678838,0.175810015,0.055168571,0.047990117
2013,Ago,117.82,0.004861407,122.15,-0.001389797,98.67,-0.001517911,112.37,0.009613657,110.22,0.002729258,115.05,0.005154639,123.4,0.013968776,100.92,0,106.84,0.004796389,130.38,0.02066698,113.74,0.001144265,110.59,0.002811026,0.052340121,0.112984055,-0.019574722,0.045399572,0.043947717,0.055407761,0.07257714,0.021147425,0.048787671,0.071058901,0.054221893,0.048246445
2013,Sep,118.14,0.002716007,122.6,0.003683995,98.46,-0.002128306,113.38,0.008988164,110.42,0.001814553,115.58,0.004606693,124.27,0.007050243,100.92,0,106.69,-0.001403969,133.65,0.025080534,114.04,0.002637595,110.85,0.002351026,0.044469985,0.11576265,-0.018834081,0.050398369,0.043470043,0.055236008,0.070831538,0.021147425,0.049478654,0.071686312,0.052709314,0.048028742
2013,Oct,118.17,0.000253936,123.62,0.008319739,98.06,-0.004062563,113.46,0.000705592,110.63,0.001901829,115.92,0.002941685,122.95,-0.010622033,100.57,-0.003468094,106.743,0.000496766,133.67,0.000149645,114.26,0.001929148,111.03,0.001623816,0.041879739,0.123920356,-0.015560687,0.04725863,0.044073235,0.055353241,0.054278854,0.01760599,0.04896816,0.071846684,0.051053261,0.04863997
2013,Nov,118.51,0.002877211,124.59,0.007846627,97.91,-0.001529676,113.56,0.000881368,110.74,0.000994305,116.16,0.002070393,122.38,-0.004636031,100.57,0,106.77,0.000252944,133.67,0,114.47,0.001837914,111.37,0.003062235,0.027305825,0.130785987,-0.020410205,0.042983101,0.041964622,0.054370518,0.047684274,0.01760599,0.050059009,0.068419791,0.049894524,0.049670123
2013,Dic,118.57,0.000506286,124.96,0.002969741,98.2,0.002961904,114.38,0.007220852,110.87,0.001173921,116.49,0.002840909,123.28,0.007354143,100.57,0,107.68,0.008522993,133.67,0,114.77,0.002620774,111.96,0.005297656,0.016285249,0.071698113,-0.01691861,0.046286132,0.039081537,0.053922012,0.056836691,0.01760599,0.043714258,0.068078306,0.045168928,0.05176139
2014,Ene,118.79,0.001855444,125.4,0.003521127,98.16,-0.000407332,114.99,0.0053331,111.15,0.00252548,116.94,0.003862993,123.18,-0.000811162,100.57,0,108.38,0.006500743,134.71,0.007780355,115.07,0.002613923,112.25,0.002590211,0.007292462,0.038251366,-0.018596281,0.043466425,0.031458797,0.050957131,0.040195913,-0.003468094,0.027006538,0.062968516,0.027410714,0.046327368
2014,Feb,118.44,-0.002946376,127.41,0.016028708,97.87,-0.00295436,116.48,0.012957648,111.53,0.003418803,117.33,0.003335044,123.94,0.006169833,100.57,0,108.9,0.004797933,134.71,0,115.46,0.003389241,112.8,0.004899777,0.016477858,0.044601131,-0.019633377,0.045977011,0.027831536,0.044139895,0.032231198,-0.003468094,0.025810098,0.062968516,0.0243989,0.040878472
2014,Mar,120.02,0.013340088,129.08,0.013107291,97.81,-0.000613058,116.35,-0.001116071,111.77,0.002151887,117.62,0.002471661,124.6,0.005325157,100.57,0,108.89,-9.18274E-05,134.71,0,115.76,0.002598302,113.14,0.003014184,0.025373772,0.056214712,-0.020920921,0.043310617,0.025412844,0.042360865,0.031371575,-0.003468094,0.022825474,0.062968516,0.025695552,0.037505731
2014,Abr,121.15,0.009415097,129.12,0.000309885,97.76,-0.000511195,116.29,-0.000515685,111.98,0.001878858,117.93,0.002635606,125.21,0.004895666,102.21,0.01630705,108.68,-0.001928552,134.76,0.000371168,116.01,0.002159641,113.34,0.001767721,0.035027766,0.054901961,-0.020637147,0.045773381,0.024238544,0.0407731,0.041593877,0.012782402,0.025863696,0.063363055,0.025729443,0.035446739
2014,May,120.96,-0.001568304,129.19,0.000542131,97.4,-0.003682488,116.11,-0.001547855,112.18,0.001786033,118.09,0.001356737,125.5,0.002316109,102.21,0,108.31,-0.00340449,134.76,0,116.27,0.002241186,113.64,0.002646903,0.041501636,0.055301421,-0.01784814,0.046130282,0.024287801,0.039250198,0.044614616,0.012782402,0.02585717,0.055285826,0.026394774,0.036105033
2014,Jun,120.32,-0.005291005,129.37,0.001393297,97.46,0.000616016,115.98,-0.001119628,112.45,0.002406846,118.42,0.002794479,126.17,0.005338645,102.21,0,108.27,-0.00036931,134.81,0.00037103,116.49,0.001892148,113.89,0.00219993,0.041641416,0.055909239,-0.014560162,0.043548677,0.024881517,0.037861525,0.044799603,0.012782402,0.024507949,0.055346798,0.026434047,0.035081341
2014,Jul,121.18,0.007147606,131.9,0.019556311,97.41,-0.000513031,115.92,-0.000517331,112.64,0.00168964,118.67,0.00211113,126.63,0.003645875,102.21,0,108.64,0.003417382,134.81,0,116.74,0.002146107,114.09,0.00175608,0.033518124,0.078319163,-0.014268367,0.041509434,0.024745269,0.036781408,0.040509449,0.012782402,0.021724819,0.055346798,0.027550392,0.034548422
2014,Ago,122.46,0.010562799,133.05,0.008718726,97.28,-0.001334565,115.63,-0.002501725,112.83,0.00168679,118.85,0.001516811,126.52,-0.000868673,102.21,0,108.9,0.002393225,137.54,0.020250723,116.97,0.00197019,114.35,0.002278903,0.039382108,0.089234548,-0.014087362,0.029011302,0.023679913,0.033029118,0.02528363,0.012782402,0.019281168,0.054916398,0.028398101,0.033999457
2014,Sep,123.35,0.007267679,133.66,0.004584743,97.2,-0.000822368,115.48,-0.001297241,113.09,0.002304352,119.15,0.00252419,125.79,-0.005769839,102.21,0,108.62,-0.002571166,139.82,0.016576996,117.25,0.002393776,114.59,0.002098819,0.04410022,0.090212072,-0.012797075,0.018521785,0.024180402,0.030887697,0.012231432,0.012782402,0.018089793,0.046165357,0.028148018,0.033739287
2014,Oct,124.5,0.009323064,133.95,0.002169684,96.89,-0.0031893,115.44,-0.00034638,113.23,0.001237952,119.28,0.001091062,123.4,-0.018999921,102.21,0,108.69,0.000644449,139.82,0,117.58,0.002814499,114.61,0.000174535,0.053566895,0.08356253,-0.011931471,0.017451084,0.023501763,0.028985507,0.003660024,0.01630705,0.018240072,0.046008828,0.029056538,0.032243538
2014,Nov,125.62,0.008995984,134.18,0.001717059,96.63,-0.002683455,114.41,-0.008922384,113.46,0.002031264,119.45,0.001425218,121.29,-0.017098865,102.21,0,108.5,-0.001748091,139.82,0,117.78,0.00170097,114.88,0.002355815,0.059994937,0.07697247,-0.013073231,0.00748503,0.024562037,0.028323003,-0.008906684,0.01630705,0.016203053,0.046008828,0.028915873,0.031516566
2014,Dic,126.93,0.010428276,134.44,0.001937696,96.79,0.0016558,111.48,-0.02560965,113.59,0.001145778,119.53,0.000669736,116.13,-0.042542666,102.21,0,108.94,0.0040553,139.82,0,118.16,0.003226354,115.32,0.003830084,0.070506874,0.075864277,-0.014358452,-0.025354083,0.024533237,0.026096661,-0.057998053,0.01630705,0.011701337,0.046008828,0.029537336,0.030010718
2015,Ene,128.43,0.011817537,135.61,0.008702767,96.64,-0.001549747,110.02,-0.01309652,113.79,0.001760718,119.89,0.003011796,112.8,-0.028674761,102.06,-0.001467567,109.03,0.000826143,141.35,0.010942641,118.66,0.00423155,115.57,0.002167881,0.081151612,0.081419458,-0.015484923,-0.04322115,0.023751687,0.025226612,-0.084266926,0.014815551,0.005997416,0.04929107,0.031198401,0.029576837
2015,Feb,128.11,-0.00249163,136.63,0.007521569,96.53,-0.001138245,110.4,0.003453917,114.03,0.002109148,120.18,0.002418884,113.79,0.008776596,102.08,0.000195963,109.12,0.000825461,141.35,0,118.9,0.002022586,115.93,0.003114995,0.081644715,0.072364807,-0.013691632,-0.052197802,0.022415494,0.024290463,-0.081894465,0.015014418,0.002020202,0.04929107,0.029793868,0.027748227
2015,Mar,126.88,-0.009601124,137.28,0.004757374,96.42,-0.001139542,111.06,0.005978261,114.29,0.002280102,120.58,0.003328341,115.61,0.015994376,102.08,0,108.96,-0.001466276,141.45,0.000707464,119.08,0.001513877,116.16,0.001983956,0.05715714,0.063526495,-0.014211226,-0.045466266,0.0225463,0.025165788,-0.072150883,0.015014418,0.000642851,0.050033405,0.028680028,0.026692593
2015,Abr,125.61,-0.010009458,137.68,0.002913753,95.62,-0.008297034,110.69,-0.003331533,114.53,0.002099921,121.04,0.003814895,115.73,0.001037972,102.08,0,108.49,-0.00431351,141.47,0.000141393,119.35,0.002267383,116.48,0.002754821,0.036813867,0.066294919,-0.021890344,-0.048155473,0.022771924,0.026371576,-0.075712802,-0.001271891,-0.001748252,0.049792223,0.028790621,0.027704253
2015,May,125.43,-0.001433007,137.93,0.001815805,95.82,0.002091613,111.11,0.003794381,114.71,0.001571641,121.33,0.002395902,117.1,0.011837899,102.08,0,108.26,-0.002120011,142.28,0.005725596,119.44,0.000754085,116.74,0.002232143,0.036954365,0.067652295,-0.016221766,-0.043062613,0.02255304,0.027436701,-0.066932271,-0.001271891,-0.000461638,0.055802909,0.027264127,0.027279127
2015,Jun,127.09,0.013234473,138.09,0.001160009,95.65,-0.00177416,110.11,-0.00900009,114.99,0.002440938,121.73,0.003296794,117.76,0.005636208,102.08,0,108.25,-9.23702E-05,142.29,7.02839E-05,119.58,0.001172137,116.95,0.001798869,0.056266622,0.067403571,-0.018571722,-0.050612175,0.022587817,0.02795136,-0.066656099,-0.001271891,-0.000184723,0.055485498,0.026525882,0.026868031
2015,Jul,128.49,0.011015816,138.23,0.001013832,95.24,-0.004286461,109.65,-0.004177641,115.09,0.000869641,122.04,0.00254662,117.46,-0.002547554,102.08,0,108.55,0.002771363,142.29,0,119.69,0.000919886,117.13,0.001539119,0.060323486,0.047990902,-0.022276974,-0.054089027,0.02175071,0.028398079,-0.072415699,-0.001271891,-0.000828424,0.055485498,0.02526983,0.026645631
2015,Ago,130.48,0.015487587,139.84,0.011647255,94.8,-0.004619908,109.2,-0.004103967,115.22,0.001129551,122.34,0.00245821,116.13,-0.011323004,102.08,0,108.5,-0.000460617,145.16,0.020170075,119.9,0.001754533,117.29,0.001366004,0.065490772,0.051033446,-0.025493421,-0.055608406,0.02118231,0.029364745,-0.082121404,-0.001271891,-0.003673095,0.055402065,0.025049158,0.025710538
2015,Sep,132.73,0.017244022,142.01,0.015517735,94.38,-0.00443038,109.63,0.003937729,115.34,0.001041486,122.63,0.002370443,112.83,-0.02841643,102.08,0,108.59,0.000829493,147.05,0.013020116,120.22,0.002668891,117.44,0.001278881,0.076043778,0.062471944,-0.029012346,-0.050658123,0.019895658,0.029206882,-0.103028858,-0.001271891,-0.000276192,0.051709341,0.02533049,0.02487128
2015,Oct,135.86,0.023581707,142.91,0.006337582,94.09,-0.003072685,110.33,0.006385114,115.38,0.000346801,122.94,0.00252793,112.54,-0.002570238,102.08,0,108.62,0.000276269,147.05,0,120.74,0.004325403,117.48,0.000340599,0.09124498,0.066890631,-0.028898751,-0.044265419,0.018987901,0.030684105,-0.088006483,-0.001271891,-0.000644033,0.051709341,0.026875319,0.025041445
2015,Nov,136.26,0.002944207,143.39,0.003358757,93.87,-0.002338187,110.44,0.000997009,115.5,0.001040042,123.26,0.002602896,112.65,0.00097743,102.08,0,108.28,-0.003130179,147.13,0.000544033,121.1,0.002981613,117.76,0.002383384,0.084699889,0.068639141,-0.028562558,-0.034699764,0.017979905,0.031896191,-0.071234232,-0.001271891,-0.00202765,0.052281505,0.028188147,0.025069638
2015,Dic,136.95,0.005063849,143.47,0.000557919,93.88,0.00010653,109.99,-0.004074611,115.55,0.0004329,123.56,0.00243388,111.99,-0.005858855,102.08,0,108.74,0.004248245,147.13,0,121.58,0.003963666,118.11,0.002972147,0.078941149,0.06716751,-0.030065089,-0.013365626,0.01725504,0.033715385,-0.035649703,-0.001271891,-0.001835873,0.052281505,0.028943805,0.024193548
2016,Ene,137.49,0.003943045,145.78,0.016100927,93.46,-0.004473796,109.7,-0.002636603,115.68,0.001125054,123.98,0.003399158,110.29,-0.015179927,102.08,0,109.26,0.004782049,147.64,0.003466322,122.39,0.00666228,118.35,0.002032004,0.070544265,0.074994469,-0.032905629,-0.002908562,0.016609544,0.034114605,-0.022251773,0.000195963,0.002109511,0.044499469,0.03143435,0.024054685
2016,Feb,134.85,-0.019201396,147.3,0.01042667,93.26,-0.002139953,109.77,0.000638104,115.74,0.000518672,124.52,0.004355541,109.59,-0.006346904,102.08,0,109.65,0.003569467,147.65,6.77323E-05,122.45,0.000490236,118.62,0.002281369,0.052611037,0.078094123,-0.033875479,-0.005706522,0.014996054,0.036112498,-0.036910098,0,0.004857038,0.044570216,0.029857023,0.023203657
2016,Mar,133.33,-0.011271783,147.85,0.003733876,92.97,-0.003109586,111.01,0.011296347,115.73,-8.64006E-05,124.98,0.003694186,110.49,0.008212428,102.08,0,109.75,0.000911993,147.65,0,122.67,0.001796652,118.91,0.002444782,0.050835435,0.076995921,-0.035780958,-0.000450207,0.012599528,0.036490297,-0.044286826,0,0.007250367,0.043831743,0.0301478,0.023674242
2016,Abr,132.13,-0.009000225,148.12,0.001826175,92.24,-0.007851995,111.66,0.005855328,115.86,0.001123304,125.33,0.002800448,111.09,0.005430356,102.08,0,109.23,-0.004738041,147.65,0,122.88,0.00171191,119.09,0.00151375,0.051906695,0.075828007,-0.035348254,0.008763213,0.011612678,0.035442829,-0.040093321,0,0.006820905,0.043684173,0.029576875,0.02240728
2016,May,131.61,-0.003935518,148.38,0.001755334,92.65,0.004444926,112.35,0.006179473,115.93,0.000604177,125.83,0.003989468,112.51,0.012782429,102.74,0.006465517,108.85,-0.003478898,147.59,-0.000406366,123.04,0.001302083,119.38,0.002435133,0.049270509,0.075763068,-0.033082864,0.011160112,0.010635516,0.037088931,-0.039197267,0.006465517,0.005449843,0.037320776,0.030140656,0.022614357
2016,Jun,132.49,0.006686422,148.52,0.000943523,92.03,-0.006691851,112.55,0.001780151,116.15,0.001897697,126.21,0.003019948,114.6,0.018576127,102.74,0,108.94,0.000826826,148.85,0.008537164,123.12,0.000650195,119.77,0.003266879,0.042489574,0.075530451,-0.037846315,0.022159659,0.010087834,0.03680276,-0.026834239,0.006465517,0.006374134,0.046103029,0.029603613,0.024112869
2016,Jul ,133.35,0.006491056,148.64,0.000807972,92.03,0,112.59,0.000355398,116.3,0.001291433,126.57,0.002852389,114.32,-0.002443281,102.74,0,109.1,0.001468698,148.97,0.000806181,123.19,0.000568551,119.98,0.001753361,0.037823955,0.075309267,-0.033704326,0.026812585,0.010513511,0.037118977,-0.026732505,0.006465517,0.005066789,0.046946377,0.029242209,0.024331939
2016,Ago,132.86,-0.003674541,148.8,0.001076426,91.5,-0.005758992,112.36,-0.00204281,116.42,0.001031814,126.96,0.003081299,113.82,-0.004373688,102.74,0,109.15,0.000458295,152.64,0.024635833,123.3,0.00089293,120.16,0.00150025,0.018240343,0.064073227,-0.034810127,0.028937729,0.010414859,0.03776361,-0.019891501,0.006465517,0.005990783,0.051529347,0.028356964,0.024469264
2016,Sep,131.82,-0.007827789,148.94,0.00094086,91.42,-0.000874317,112.94,0.005161979,116.34,-0.000687167,127.34,0.002993069,114.48,0.005798629,102.74,0,109.08,-0.000641319,154.59,0.012775157,123.46,0.001297648,120.53,0.003079228,-0.006856024,0.04879938,-0.031362577,0.030192466,0.008670019,0.03840822,0.01462377,0.006465517,0.004512386,0.051275077,0.026950591,0.026311308
2016,Oct,131.34,-0.003641329,149.05,0.000738552,91.06,-0.003937869,114.33,0.01230742,116.31,-0.000257865,127.69,0.002748547,116.08,0.01397624,103.32,0.005645318,109.07,-9.16758E-05,154.6,6.46872E-05,123.62,0.001295966,120.66,0.00107857,-0.033269542,0.042964103,-0.03220321,0.036254872,0.008060322,0.038636733,0.031455482,0.012147335,0.004142883,0.051343081,0.023852907,0.027068437
2016,Nov,130.99,-0.002664839,149.15,0.000670916,90.85,-0.002306172,114.31,-0.000174932,116.33,0.000171954,127.99,0.00234944,117.24,0.009993108,103.32,0,109.11,0.000366737,154.68,0.000517464,123.74,0.000970717,120.86,0.00165755,-0.03867606,0.040170165,-0.032172153,0.035041652,0.007186147,0.038374168,0.040745672,0.012147335,0.007665312,0.051315163,0.021800165,0.026324728
2016,Dic,133.65,0.020306894,149.76,0.004089842,90.82,-0.000330215,115.46,0.010060362,116.41,0.000687699,128.38,0.003047113,118.07,0.007079495,105.07,0.016937669,109.28,0.001558061,154.68,0,123.98,0.001939551,121.35,0.004054278,-0.024096386,0.043841918,-0.032594802,0.049731794,0.007442666,0.039009388,0.054290562,0.029290752,0.004965974,0.051315163,0.019740089,0.027432055
2017,Ene,134.7,0.007856341,151.85,0.013955662,90.22,-0.006606474,116.85,0.012038801,116.53,0.001030839,128.71,0.002570494,119.09,0.008638943,105.07,0,109.57,0.002653734,155.77,0.007046806,124.34,0.002903694,121.62,0.002224969,-0.020292385,0.041638085,-0.034667237,0.065177758,0.007347856,0.038151315,0.079789645,0.029290752,0.002837269,0.055066378,0.015932674,0.027629911
2017,Feb,135.2,0.003711952,153.52,0.010997695,89.82,-0.004433607,117.9,0.008985879,116.64,0.000943963,129.16,0.003496232,120.07,0.00822907,105.16,0.000856572,109.7,0.001186456,155.78,6.41972E-05,124.56,0.001769342,121.88,0.002137806,0.002595476,0.042226748,-0.036886125,0.074063952,0.00777605,0.03726309,0.095629163,0.030172414,0.000455996,0.055062648,0.017231523,0.027482718
2017,Mar,134.56,-0.004733728,154.22,0.004559666,89.55,-0.003006012,116.49,-0.011959288,116.72,0.000685871,129.55,0.003019511,120.05,-0.00016657,105.41,0.00237733,109.65,-0.000455789,155.78,0,124.71,0.001204239,122.25,0.003035773,0.009225231,0.043084207,-0.03678606,0.049364922,0.008554394,0.036565851,0.086523667,0.032621473,-0.000911162,0.055062648,0.016629983,0.02808847
2017,Abr,135.42,0.006391201,154.48,0.001685903,89.11,-0.004913456,116.02,-0.004034681,116.83,0.000942426,129.82,0.002084137,120.8,0.006247397,105.41,0,109.59,-0.000547196,155.79,6.41931E-05,124.79,0.000641488,122.56,0.002535787,0.02489972,0.042938158,-0.033933218,0.039047107,0.008372173,0.035825421,0.087406607,0.032621473,0.003295798,0.055130376,0.01554362,0.029137627
2017,May ,134.92,-0.003692217,154.83,0.002265665,88.95,-0.001795534,116.2,0.001551457,116.84,8.55945E-05,130.24,0.003235249,120.09,-0.005877483,105.41,0,109.52,-0.000638744,155.68,-0.000706079,125.02,0.001843096,122.78,0.001795039,0.025150065,0.04346947,-0.03993524,0.034267913,0.007849564,0.035047286,0.067371789,0.025987931,0.00615526,0.054814012,0.016092328,0.028480482
2017,Jun,134.91,-7.4118E-05,155.05,0.001420913,88.61,-0.003822372,116.13,-0.00060241,117.03,0.001626155,130.46,0.001689189,120.11,0.000166542,105.41,0,109.86,0.003104456,155.71,0.000192703,125.23,0.001679731,123.14,0.002932074,0.018265529,0.043967142,-0.037161795,0.031808085,0.00757641,0.033674035,0.048080279,0.025987931,0.008445016,0.046086664,0.017137752,0.028137263
2017,Jul,135.59,0.005040397,155.19,0.000902935,88.01,-0.006771245,116.24,0.000947214,117.12,0.000769034,131.06,0.004599111,119.85,-0.002164682,105.62,0.001992221,110.28,0.003823048,155.94,0.001477105,125.44,0.001676914,123.49,0.002842293,0.0167979,0.0440662,-0.043681408,0.03241851,0.007050731,0.035474441,0.048372988,0.028031925,0.010815765,0.046787944,0.01826447,0.029254876
2017,Ago ,135.71,0.000885021,155.04,-0.000966557,87.49,-0.005908419,118.99,0.023657949,117.22,0.000853825,131.5,0.003357241,120.77,0.007676262,106.81,0.011266806,110.42,0.001269496,159.21,0.020969604,125.66,0.001753827,123.7,0.001700543,0.021451152,0.041935484,-0.043825137,0.059006764,0.006871672,0.035759294,0.061061325,0.039614561,0.011635364,0.043042453,0.019140308,0.029460719
2017,Sep,136.66,0.007000221,158.31,0.021091331,87.4,-0.001028689,120.3,0.011009329,117.3,0.000682477,131.97,0.003574144,121.61,0.00695537,106.81,0,110.2,-0.001992393,162.46,0.020413291,125.88,0.001750756,123.93,0.001859337,0.036716735,0.062911239,-0.043972872,0.065167345,0.008251676,0.036359353,0.062281621,0.039614561,0.010267693,0.050908856,0.01960149,0.028208745
2017,Oct,136.3,-0.002634275,159.63,0.008338071,86.9,-0.005720824,121.35,0.00872818,117.39,0.000767263,132.31,0.002576343,120.96,-0.005344955,106.81,0,110.31,0.000998185,162.5,0.000246214,126.14,0.002065459,124.32,0.003146938,0.03776458,0.070982892,-0.045684164,0.061401207,0.00928553,0.036181377,0.042039972,0.033778552,0.011368846,0.051099612,0.020385051,0.030333168
2017,Nov ,137.83,0.011225238,159.98,0.00219257,86.73,-0.001956272,122.06,0.005850845,117.48,0.000766675,132.55,0.001813922,123.31,0.01942791,106.81,0,110.52,0.001903726,162.5,0,126.38,0.001902648,124.6,0.002252252,0.052217727,0.072611465,-0.045349477,0.067798093,0.00988567,0.035627783,0.051774139,0.033778552,0.012922739,0.050555987,0.021335057,0.030944895
2017,Dic,141.03,0.023217006,160.33,0.002187773,87.06,0.003804912,122.21,0.001228904,117.6,0.00102145,132.68,0.000980762,124.27,0.007785257,111.45,0.043441625,111.01,0.004433587,162.5,0,126.55,0.00134515,125.07,0.003772071,0.055218855,0.070579594,-0.041400573,0.058461805,0.010222489,0.033494314,0.052511222,0.060721424,0.015830893,0.050555987,0.02072915,0.03065513
2018,Ene,141.74,0.00503439,160.71,0.002370112,86.42,-0.007351252,122.2,-8.18264E-05,117.76,0.001360544,133.41,0.00550196,124.41,0.001126579,111.45,0,112.24,0.011080083,163.38,0.005415385,126.83,0.002212564,125.44,0.002958343,0.052264291,0.058347053,-0.042119264,0.045785195,0.010555222,0.036516199,0.044672097,0.060721424,0.024367984,0.04885408,0.020025736,0.031409308
2018,Feb,140.83,-0.006420206,162.44,0.010764732,86.17,-0.002892849,121.43,-0.006301146,117.88,0.001019022,133.94,0.003972716,124.75,0.002732899,111.45,0,112.63,0.003474697,163.38,0,127.11,0.00220768,125.64,0.001594388,0.041642012,0.058103179,-0.040636829,0.029940628,0.010631001,0.037008362,0.038977263,0.059813617,0.026709207,0.048786751,0.020472062,0.030850016
2018,Mar,141.77,0.006674714,163.81,0.008433883,85.87,-0.00348149,121.46,0.000247056,118.1,0.001866305,134.4,0.003434374,125.47,0.005771543,111.45,0,112.89,0.002308444,163.59,0.001285347,127.27,0.001258752,125.97,0.002626552,0.053582045,0.062183893,-0.041094361,0.042664606,0.011823167,0.037437283,0.045147855,0.057300066,0.029548564,0.050134805,0.020527624,0.030429448
2018,Abr,142.05,0.00197503,164.45,0.003906965,85.81,-0.000698731,121.64,0.001481969,118.38,0.002370872,134.75,0.002604167,127.21,0.013867857,111.46,8.97263E-05,112.75,-0.001240145,163.59,0,127.64,0.002907205,126.29,0.002540287,0.048958795,0.064539099,-0.037032881,0.048439924,0.01326714,0.037975659,0.053062914,0.057394934,0.028834748,0.050067398,0.022838368,0.030434073
2018,May,141.69,-0.002534319,164.89,0.002675585,85.92,0.001281902,123.06,0.011673792,118.59,0.001773948,135.04,0.002152134,128.31,0.008647119,111.46,0,112.26,-0.004345898,163.83,0.001467082,127.86,0.001723598,126.61,0.002533851,0.050177883,0.064974488,-0.034064081,0.059036145,0.014977747,0.036855037,0.068448664,0.057394934,0.025018262,0.052350976,0.022716365,0.031194006
2018,Jun,142.17,0.003387677,165.26,0.00224392,85.52,-0.004655493,123.21,0.001218918,118.83,0.002023779,135.4,0.002665877,128.72,0.003195386,111.46,0,112.09,-0.001514342,163.83,0,128.04,0.00140779,126.86,0.001974568,0.053813654,0.065849726,-0.034871911,0.060966159,0.015380672,0.037866013,0.071684289,0.057394934,0.020298562,0.052148224,0.022438713,0.030209518
2018,Jul ,141.34,-0.005838081,165.42,0.000968171,85.15,-0.004326473,123.76,0.004463923,118.98,0.001262307,135.67,0.001994092,129.11,0.003029832,111.61,0.001345774,112.58,0.004371487,163.83,0,128.19,0.001171509,127.02,0.001261233,0.042407257,0.065919196,-0.032496307,0.064693737,0.015881148,0.035174729,0.077263246,0.056712744,0.020856003,0.050596383,0.021922832,0.028585311
2018,Ago,140.21,-0.007994906,165.45,0.000181357,84.73,-0.004932472,124.36,0.004848093,119.12,0.001176668,135.92,0.001842707,129.57,0.003562853,111.61,0,112.93,0.0031089,167.17,0.020386987,128.38,0.001482175,127.19,0.001338372,0.033158942,0.067143963,-0.031546462,0.045129843,0.016208838,0.033612167,0.072865778,0.044939612,0.022731389,0.049996859,0.021645711,0.02821342
2018,Sep,139.06,-0.008201983,165.75,0.001813237,84.69,-0.000472088,125.43,0.008604053,119.29,0.001427132,136.2,0.002060035,130.37,0.006174269,111.61,0,112.65,-0.002479412,169.27,0.012562063,128.48,0.000778938,127.39,0.001572451,0.017561832,0.046996399,-0.031006865,0.042643392,0.016965047,0.032052739,0.07203355,0.044939612,0.022232305,0.041918011,0.020654592,0.027918987
2018,Oct ,139.85,0.005681001,165.96,0.001266968,83.83,-0.010154682,125.4,-0.000239177,119.68,0.003269344,136.45,0.001835536,130.66,0.002224438,111.61,0,112.8,0.001331558,169.28,5.90772E-05,128.67,0.001478829,127.57,0.001412984,0.026045488,0.0396542,-0.035327963,0.033374536,0.019507624,0.031290152,0.080191799,0.044939612,0.02257275,0.041723077,0.020057079,0.026142214
2018,Nov ,140.06,0.001501609,166.1,0.000843577,84.07,0.002862937,122.9,-0.019936204,119.85,0.001420455,136.61,0.001172591,129.11,-0.01186285,111.77,0.001433563,112.3,-0.004432624,169.28,0,128.85,0.001398927,127.82,0.001959708,0.016179351,0.038254782,-0.030669895,0.006881861,0.020173647,0.030629951,0.047035926,0.046437599,0.016105682,0.041723077,0.019544232,0.025842697
2018,Dic ,140.99,0.006640011,166.18,0.000481638,83.87,-0.00237897,121.12,-0.01448332,120.08,0.001919065,136.91,0.002196033,126.79,-0.017969174,111.77,0,112.8,0.00445236,169.28,0,129.12,0.00209546,128.44,0.004850571,-0.000283628,0.036487245,-0.036641397,-0.008919074,0.021088435,0.031881218,0.020278426,0.002871243,0.016124673,0.041723077,0.020308179,0.026944911
2019,Ene ,141.18,0.001347613,166.46,0.00168492,83.63,-0.002861571,120.71,-0.003385073,120.38,0.002498334,137.34,0.003140749,124.84,-0.015379762,111.77,0,113.29,0.004343972,170.07,0.004666824,129.44,0.002478315,128.69,0.001946434,-0.003950896,0.035778732,-0.032284193,-0.012193126,0.022248641,0.029458062,0.003456314,0.002871243,0.009354954,0.040947484,0.020578727,0.025908801
2019,Feb,,,,,,,,,,,,,,,,,,,,,,,,,,,,,,,,,,,,
